district_id,state_id,district_name,sites_total,sites_govt,sites_pvt,sessions_total,sessions_govt,sessions_pvt,total_vaccination,male_vaccination,female_vaccination,other_vaccination,18_30_vaccination,30_45_vaccination,45_60_vaccination,60+_vaccination,covishield,covaxin,dose1,dose2,aefi
582,32,Adilabad,37,37,0,8300,8300,0,50321,26309,24004,8,,,27203,16545,56310,7984,50321,13973,2
320,20,Agar,7,7,0,760,760,0,49495,27310,22178,7,,,20500,18488,57960,917,49495,9382,5
622,34,Agra,249,245,4,31580,31180,400,350191,207083,143044,64,,,132604,106483,400344,35588,350191,85741,45
154,11,Ahmedabad,78,77,1,9570,9470,100,370543,199031,171451,61,,,195694,148928,405803,46751,370543,82011,23
770,11,Ahmedabad Corporation,216,211,5,50770,49810,960,1294982,717454,577406,122,,,459131,355840,1632948,63683,1294982,401649,88
391,21,Ahmednagar,49,43,6,5985,5385,600,500181,278197,221936,48,,,208002,211249,530876,105081,500181,135776,7
425,24,Aizawl East,12,11,1,2839,2739,100,71341,36905,34434,2,,,33170,21430,84398,0,71341,13057,35
426,24,Aizawl West,7,6,1,1220,1120,100,46607,22216,24388,3,,,24525,13902,54329,0,46607,7722,11
507,29,Ajmer,114,108,6,17180,16580,600,581269,291798,289386,85,,,241792,232343,659879,73232,581269,151842,14
364,21,Akola,17,11,6,1772,1172,600,227791,123581,104179,31,,,100803,92666,234202,54284,227791,60695,1
301,17,Alappuzha,39,38,1,5936,5836,100,461988,205078,256855,55,,,171159,249112,550281,53318,461988,141611,134
623,34,Aligarh,88,88,0,21990,21990,0,249615,143934,105639,42,,,92808,74657,253526,58374,249615,62285,23
710,36,Alipurduar District,38,37,1,10370,10270,100,173371,97220,76122,29,,,74162,64212,197003,41299,173371,64931,18
357,20,Alirajpur,12,12,0,1970,1970,0,57011,28454,28549,8,,,28219,16383,64209,3365,57011,10563,1
704,35,Almora,32,32,0,3900,3900,0,146981,67950,79007,24,,,59118,63775,183979,6739,146981,43737,8
512,29,Alwar,178,167,11,24874,23774,1100,824017,435860,388040,117,,,335572,332628,970940,36721,824017,183644,26
193,12,Ambala,39,38,1,12840,12740,100,301172,159300,141808,64,,,118901,93570,324426,66967,301172,90221,28
625,34,Ambedkar Nagar,38,38,0,6395,6395,0,109872,63708,46145,19,,,54688,40519,121555,20268,109872,31951,3
626,34,Amethi,116,116,0,20392,20392,0,124111,66179,57909,23,,,60807,52801,134656,27398,124111,37943,0
366,21,Amravati,52,48,4,5510,5110,400,331628,178719,152873,36,,,139269,141474,347785,80104,331628,96261,233
174,11,Amreli,19,19,0,4430,4430,0,252991,127873,125088,30,,,111217,121979,232702,109581,252991,89292,5
485,28,Amritsar,93,65,28,19895,16820,3075,277110,154634,122451,25,,,122669,100686,318138,30373,277110,71401,35
627,34,Amroha,60,57,3,19500,18800,700,89988,50641,39336,11,,,42894,36661,97008,18082,89988,25102,7
179,11,Anand,81,78,3,9855,9555,300,407067,203007,204015,45,,,196419,172570,498185,47719,407067,138837,7
9,2,Anantapur,122,121,1,71010,71000,10,470141,240972,229080,89,,,206825,199412,563367,84843,470141,178069,13
224,14,Anantnag,71,71,0,16330,16330,0,155090,88686,66376,28,,,83903,57175,177976,0,155090,22886,3
445,26,Angul,6,2,4,1700,1100,600,120772,71433,49325,14,,,63538,45647,149886,0,120772,29114,2
22,3,Anjaw,3,3,0,300,300,0,3442,1878,1564,0,,,1520,520,4690,0,3442,1248,4
334,20,Anuppur,26,26,0,2700,2700,0,68487,35586,32890,11,,,33647,23360,70456,7849,68487,9818,8
779,31,Aranthangi,36,36,0,5700,5700,0,36809,18749,18055,5,,,20407,11572,42516,3378,36809,9085,0
74,5,Araria,14,13,1,11800,11700,100,182842,99762,83051,29,,,62380,73408,208093,63,182842,25314,6
158,11,Aravalli,98,98,0,15680,15680,0,242922,122041,120838,43,,,109266,112124,248215,86727,242922,92020,26
555,31,Ariyalur,47,45,2,10220,10020,200,48427,27332,21088,7,,,20810,12981,56938,4547,48427,13058,0
78,5,Arwal,22,22,0,4140,4140,0,46789,25426,21352,11,,,15404,18370,59346,0,46789,12557,1
354,20,Ashoknagar,17,17,0,1700,1700,0,87482,48472,39000,10,,,39818,33412,91243,11971,87482,15732,7
578,31,Attur,117,103,14,25750,24350,1400,134887,61261,73607,19,,,73841,38667,163812,10326,134887,39251,3
628,34,Auraiya,44,44,0,8000,8000,0,68059,40441,27613,5,,,33497,28139,84116,9020,68059,25077,59
77,5,Aurangabad,97,97,0,14030,14030,0,144086,83314,60737,35,,,52853,45986,167843,3364,144086,27121,1
397,21,Aurangabad,88,75,13,10540,9057,1483,453950,253914,199877,159,,,205041,156899,534610,42615,453950,123275,12
646,34,Ayodhya,73,71,2,9570,9370,200,156150,92792,63313,45,,,56292,44210,177277,20780,156150,41907,8
629,34,Azamgarh,103,99,4,22985,22585,400,237984,134876,103051,57,,,87088,84356,241701,47608,237984,51325,10
630,34,Badaun,65,65,0,8500,8500,0,182536,97375,85131,30,,,80924,86325,201493,22223,182536,41180,33
270,16,Bagalkot,331,324,7,41400,40700,700,270127,128226,141869,32,,,143614,95193,257079,82135,270127,69087,2
707,35,Bageshwar,32,32,0,3150,3150,0,77907,37150,40740,17,,,30552,28927,102367,2339,77907,26799,15
631,34,Baghpat,14,14,0,1510,1510,0,133497,72166,61306,25,,,73948,50792,150011,12633,133497,29147,10
632,34,Bahraich,101,100,1,22280,22180,100,227749,125891,101839,19,,,115021,92911,253783,36872,227749,62906,3
46,4,Baksa,24,24,0,8100,8100,0,59250,32330,26911,9,,,32689,12994,61827,10504,59250,13081,0
338,20,Balaghat,66,66,0,7465,7465,0,190660,99489,91147,24,,,75978,83664,211088,18401,190660,38829,4
448,26,Balangir,59,58,1,8010,7910,100,138274,74348,63909,17,,,65338,57678,178988,0,138274,40714,9
633,34,Balarampur,79,79,0,16575,16575,0,180348,99512,80816,20,,,93445,74705,196374,28623,180348,44649,7
447,26,Balasore,3,1,2,300,100,200,351079,185192,165846,41,,,168554,164648,440711,0,351079,89632,4
634,34,Ballia,66,64,2,8180,7980,200,157165,90164,66941,60,,,69836,72879,174658,29702,157165,47195,4
110,7,Balod,75,72,3,44800,44500,300,172409,82270,90118,21,,,97207,65569,203050,3018,172409,33659,33
111,7,Baloda bazar,62,61,1,6600,6500,100,193349,90942,102400,7,,,109646,73676,220719,2196,193349,29566,36
112,7,Balrampur,180,180,0,25940,25940,0,137278,68276,68986,16,,,82673,42464,154104,2798,137278,19624,42
159,11,Banaskantha,36,32,4,7971,7571,400,663266,358868,304273,125,,,375903,235962,716127,93306,663266,146167,21
635,34,Banda,47,47,0,7870,7870,0,103668,61387,42260,21,,,45137,36217,115019,10940,103668,22291,22
223,14,Bandipore,71,71,0,16800,16800,0,78288,48024,30255,9,,,47930,22860,89244,0,78288,10956,3
276,16,Bangalore Rural,101,95,6,13973,13460,513,163823,88681,75109,33,,,77409,60833,192299,17479,163823,45955,23
265,16,Bangalore Urban,123,115,8,15172,12632,2540,260945,140910,120004,31,,,118578,82086,324817,22530,260945,86402,14
83,5,Banka,57,57,0,10300,10300,0,158544,81357,77156,31,,,59025,64760,190940,4912,158544,37308,0
711,36,Bankura,35,32,3,8020,7720,300,243988,142616,101357,15,,,93367,96162,305665,56857,243988,118534,19
519,29,Banswara,23,23,0,3465,3465,0,313277,153805,159407,65,,,151037,120198,377678,9987,313277,74388,14
636,34,Barabanki,83,82,1,13890,13490,400,167398,96075,71300,23,,,80365,67082,190759,23295,167398,46656,34
225,14,Baramulla,130,130,0,30290,30290,0,217164,125120,91935,109,,,116677,75483,263922,0,217164,46758,3
516,29,Baran,32,32,0,5250,5250,0,228381,119614,108733,34,,,93881,99961,283416,6997,228381,62032,7
637,34,Bareilly,152,145,7,24250,23550,700,371755,210556,161106,93,,,142684,96655,411115,43088,371755,82448,23
472,26,Bargarh,43,43,0,8121,8121,0,184715,97462,87220,33,,,86045,75720,226450,0,184715,41735,11
528,29,Barmer,158,157,1,34500,34400,100,461561,250124,211385,52,,,202128,204584,520866,38901,461561,98206,18
483,28,Barnala,55,53,2,9300,9100,200,57983,33870,24108,5,,,23611,21356,59560,8876,57983,10453,1
47,4,Barpeta,89,89,0,11861,11861,0,152054,79759,72274,21,,,78067,44677,24057,193024,152054,65027,16
343,20,Barwani,12,12,0,1260,1260,0,78610,40771,37831,8,,,34087,25970,94259,5382,78610,21031,4
712,36,Basirhat HD (North 24 Parganas),41,41,0,9550,9550,0,241833,125662,116148,23,,,116098,102370,292772,46290,241833,97229,1
113,7,Bastar,98,97,1,10270,10170,100,158623,75441,83171,11,,,88472,47946,189170,5131,158623,35678,37
638,34,Basti,45,45,0,7895,7895,0,186935,109624,77279,32,,,72879,72360,213974,10809,186935,37848,13
493,28,Bathinda,43,30,13,8540,7240,1300,117438,71702,45718,18,,,47404,36208,132375,11921,117438,26858,5
294,16,BBMP,465,317,148,256211,107564,148647,1901680,1003694,897768,218,,,777829,637416,2218506,245279,1901680,562105,443
384,21,Beed,42,41,1,12120,12020,100,272807,151546,121215,46,,,104480,124672,300169,50175,272807,77537,12
98,5,Begusarai,27,25,2,6450,6250,200,263760,140471,123250,39,,,90225,106689,313493,0,263760,49733,3
264,16,Belgaum,257,247,10,46757,45757,1000,582240,279349,302801,90,,,270080,247917,693117,25241,582240,136118,67
274,16,Bellary,212,212,0,28234,28234,0,412918,200842,212016,60,,,227463,147923,456390,64842,412918,108314,55
114,7,Bemetara,115,114,1,12850,12750,100,98161,48090,50057,14,,,54760,37148,111649,3018,98161,16506,20
362,20,Betul,48,47,1,5730,5480,250,171018,92197,78804,17,,,77816,67252,187545,20019,171018,36546,10
687,34,Bhadohi,59,56,3,10415,10115,300,105730,57165,48540,25,,,55722,42595,116123,16415,105730,26808,9
583,32,Bhadradri Kothagudem,87,86,1,10200,10100,100,115969,61141,54813,15,,,69263,33223,128492,25967,115969,38490,8
454,26,Bhadrak,2,1,1,250,150,100,184600,99460,85104,36,,,81752,93763,228524,0,184600,43924,15
82,5,Bhagalpur,93,91,2,11452,11252,200,287076,154896,132134,46,,,88194,122646,324924,20300,287076,58148,14
370,21,Bhandara,167,166,1,24870,24770,100,216862,107591,109255,16,,,88577,99838,136523,146738,216862,66399,3
508,29,Bharatpur,61,61,0,10460,10460,0,446121,239816,206224,81,,,163594,195562,510211,11884,446121,75974,17
180,11,Bharuch,49,48,1,9695,9490,205,282758,157435,125284,39,,,123444,83164,347609,32960,282758,97811,54
175,11,Bhavnagar,37,37,0,10900,10900,0,263248,144955,118261,32,,,121511,96792,318355,24117,263248,79224,6
771,11,Bhavnagar Corporation,30,30,0,5500,5500,0,160409,87628,72764,17,,,52861,42145,215212,8132,160409,62935,2
523,29,Bhilwara,103,101,2,22648,22448,200,457185,228637,228453,95,,,167559,200764,527741,12673,457185,83229,8
351,20,Bhind,2,2,0,1000,1000,0,152738,89209,63492,37,,,62830,62202,163587,15383,152738,26232,20
200,12,Bhiwani,38,38,0,11080,11080,0,181017,94415,86575,27,,,64832,77670,190811,19973,181017,29767,4
99,5,Bhojpur,36,36,0,9220,9220,0,199300,112860,86416,24,,,67264,76156,242888,0,199300,43588,9
312,20,Bhopal,8,8,0,1100,1100,0,571515,318174,253273,68,,,235201,152234,639648,78720,571515,146853,147
272,16,Bidar,125,123,2,26250,26050,200,222867,112367,110469,31,,,109970,84083,266308,27070,222867,70511,20
115,7,Bijapur,50,50,0,6000,6000,0,53108,30772,22326,10,,,27453,8534,70072,1654,53108,18618,23
639,34,Bijnour,70,67,3,16590,16290,300,192898,104285,88591,22,,,101894,72630,220586,33678,192898,61366,45
501,29,Bikaner,140,135,5,23850,23350,500,515058,278503,236473,82,,,225949,175441,611388,54991,515058,151321,13
116,7,Bilaspur,203,195,8,29300,28500,800,342211,166831,175327,53,,,192181,119838,399369,11123,342211,68281,31
219,13,Bilaspur,31,31,0,3500,3500,0,132602,64378,68207,17,,,64111,58502,167811,0,132602,35209,19
713,36,Birbhum,92,92,0,19570,19570,0,232979,126009,106942,28,,,114990,86736,280410,37365,232979,84796,4
398,22,Bishnupur,9,9,0,1520,1520,0,30063,16020,14037,6,,,14156,9715,34282,0,30063,4219,5
714,36,Bishnupur HD (Bankura),20,20,0,7350,7350,0,88226,52516,35705,5,,,36268,32271,117187,15268,88226,44229,5
765,4,Biswanath,11,11,0,1570,1570,0,65699,35509,30177,13,,,32523,15551,71867,9026,65699,15194,0
242,15,Bokaro,20,19,1,3200,2900,300,195888,111323,84549,16,,,79488,66266,220509,21567,195888,46188,26
57,4,Bongaigaon,24,24,0,5150,5150,0,77551,41118,36421,12,,,33132,21924,90019,10795,77551,23263,1
176,11,Botad,22,22,0,2780,2780,0,65425,34418,31001,6,,,26299,30577,70745,20204,65425,25524,2
468,26,Boudh,8,8,0,1060,1060,0,53310,29480,23824,6,,,21164,27698,64122,0,53310,10812,3
229,14,Budgam,110,110,0,28870,28870,0,161591,93780,67795,16,,,89300,52322,190961,0,161591,29370,0
640,34,Bulandshahr,101,101,0,27457,27457,0,218571,121114,97431,26,,,115814,79571,250809,38389,218571,70627,26
367,21,Buldhana,57,52,5,6320,5820,500,316504,171055,145396,53,,,129476,139508,322403,78002,316504,83901,0
514,29,Bundi,49,49,0,5690,5690,0,276713,138844,137799,70,,,123567,118948,349091,6232,276713,78610,2
342,20,Burhanpur,3,1,2,450,250,200,91512,47308,44187,17,,,43026,35136,93860,22269,91512,24617,7
100,5,Buxar,86,86,0,13235,13235,0,138491,77324,61144,23,,,45522,60886,169727,0,138491,31236,3
66,4,Cachar,29,26,3,4035,3735,300,122505,65293,57205,7,,,59104,32975,114346,41613,122505,33454,1
141,9,Central Delhi,81,68,13,13415,8525,4890,441006,261408,179535,63,,,171884,92948,392003,175460,441006,126457,114
271,16,Chamarajanagar,163,161,2,19350,19050,300,157745,72257,85437,51,,,66939,76717,157448,32348,157745,32051,3
214,13,Chamba,46,46,0,8200,8200,0,123524,60539,62964,21,,,64638,45240,147525,0,123524,24001,27
699,35,Chamoli,26,26,0,4050,4050,0,110348,54260,56060,28,,,49564,40482,146220,2348,110348,38220,8
708,35,Champawat,15,15,0,1800,1800,0,74903,37646,37237,20,,,31349,24725,91901,2195,74903,19193,4
429,24,Champhai,1,1,0,204,204,0,28492,14427,14061,4,,,14755,10518,33048,0,28492,4556,136
641,34,Chandauli,74,74,0,16900,16900,0,104297,58796,45486,15,,,49483,42528,120446,9429,104297,25578,7
399,22,Chandel,4,4,0,850,850,0,9671,6264,3407,0,,,3733,1590,13802,0,9671,4131,1
108,6,Chandigarh,52,47,5,9720,9020,700,249899,140019,109847,33,,,116449,75658,324606,0,249899,74707,121
380,21,Chandrapur,45,44,1,5180,5080,100,284376,153647,130700,29,,,128592,104844,328767,22233,284376,66624,3
20,3,Changlang,12,12,0,3290,3290,0,22748,13321,9425,2,,,10774,4369,27052,0,22748,4304,19
766,4,Charaideo,27,27,0,2670,2670,0,42322,23151,19162,9,,,22466,9724,46572,5039,42322,9289,0
201,12,Charkhi Dadri,28,28,0,5150,5150,0,117088,60008,57058,22,,,42556,49656,119175,20452,117088,22539,0
245,15,Chatra,46,46,0,6300,6300,0,97615,51880,45726,9,,,32807,41614,111286,298,97615,13969,3
565,31,Chengalpet,49,35,14,11330,9320,2010,240520,128605,111891,24,,,100267,94601,284144,38157,240520,81781,3
571,31,Chennai,256,168,88,98109,77090,21019,1341456,723205,618123,128,,,546752,470132,1399307,493588,1341456,551439,38
778,31,Cheyyar,53,53,0,9600,9600,0,31852,17922,13925,5,,,13778,10528,34015,8523,31852,10686,0
328,20,Chhatarpur,4,4,0,500,500,0,163135,91118,71994,23,,,69547,69987,164013,24958,163135,25836,15
337,20,Chhindwara,6,6,0,600,600,0,192264,104355,87885,24,,,87860,68592,211084,33704,192264,52524,5
181,11,Chhotaudepur,53,53,0,7748,7748,0,168919,87192,81698,29,,,82799,71903,131001,81820,168919,43902,0
273,16,Chikamagalur,147,147,0,17050,17050,0,205441,98128,107298,15,,,96178,91583,233073,25774,205441,53406,20
291,16,Chikkaballapur,169,169,0,21240,21240,0,234192,114772,119395,25,,,116040,98670,257810,27220,234192,50838,50
58,4,Chirang,3,3,0,700,700,0,37968,22629,15337,2,,,17781,7959,40087,10194,37968,12313,1
268,16,Chitradurga,133,130,3,25891,25591,300,277888,135753,142071,64,,,138765,117908,316598,38939,277888,77649,10
642,34,Chitrakoot,49,49,0,5525,5525,0,49606,28541,21057,8,,,22886,21966,54744,5652,49606,10790,3
10,2,Chittoor,95,95,0,46351,46351,0,543336,271614,271667,55,,,241194,205247,620688,134910,543336,212262,80
521,29,Chittorgarh,89,89,0,16721,16721,0,315693,160233,155420,40,,,136023,141911,375415,11853,315693,71575,12
400,22,Churachandpur,11,10,1,1380,1280,100,32127,17645,14477,5,,,12516,7284,38795,0,32127,6668,4
530,29,Churu,18,18,0,2740,2740,0,330766,167517,163204,45,,,127333,155072,408584,3715,330766,81533,7
539,31,Coimbatore,89,76,13,38700,37200,1500,401826,220954,180833,39,,,161934,148234,465468,51148,401826,114790,6
715,36,Cooch Behar,0,0,0,0,0,0,0,0,0,0,,,0,0,0,0,0,0,0
783,36,COOCHBEHAR,46,45,1,9892,9792,100,241940,135846,106071,23,,,92446,106996,293824,33908,241940,85792,0
547,31,Cuddalore,71,66,5,9700,9200,500,135128,77616,57497,15,,,71215,43844,150116,32851,135128,47839,3
457,26,Cuttack,16,10,6,5000,4000,1000,432823,241981,190742,100,,,178950,154091,531952,0,432823,99129,5
137,8,Dadra and Nagar Haveli,36,35,1,6150,5600,550,66549,43224,23316,9,,,25927,8023,78465,0,66549,11916,84
182,11,Dahod,37,37,0,4980,4980,0,344296,171887,172351,58,,,152145,161463,431624,47976,344296,135304,3
716,36,Dakshin Dinajpur,30,29,1,7810,7610,200,186581,98189,88364,28,,,85139,70081,224659,41339,186581,79417,4
269,16,Dakshina Kannada,89,68,21,12571,9890,2681,309941,143279,166626,36,,,127306,124973,367480,50368,309941,107907,1185
138,37,Daman,9,9,0,4440,4440,0,53412,33707,19700,5,,,20354,7543,61932,0,53412,8520,0
327,20,Damoh,23,23,0,3110,3110,0,99379,53459,45910,10,,,41403,39202,109363,10013,99379,19997,15
163,11,Dang,16,16,0,2120,2120,0,35444,18206,17235,3,,,18037,12040,44359,544,35444,9459,5
117,7,Dantewada,17,17,0,2125,2125,0,70006,34583,35409,14,,,42526,13844,88059,6503,70006,24556,17
94,5,Darbhanga,145,144,1,32070,31970,100,339454,180041,159368,45,,,111501,142746,393822,22864,339454,77232,5
717,36,Darjeeling,52,49,3,10285,9985,300,271824,142156,129641,27,,,125109,96208,320145,63572,271824,111893,63
48,4,Darrang,23,23,0,5503,5503,0,86299,48153,38135,11,,,40950,23017,97703,10899,86299,22303,16
350,20,Datia,0,0,0,0,0,0,87234,46668,40543,23,,,31085,41919,87523,16129,87234,16418,2
511,29,Dausa,68,68,0,8910,8910,0,230486,123193,107268,25,,,81186,112065,264626,16668,230486,50808,10
275,16,Davanagere,128,126,2,17363,17163,200,218634,111458,107142,34,,,100292,92484,247438,28943,218634,57747,32
697,35,Dehradun,101,85,16,15800,13700,2100,441303,231071,210172,60,,,193122,164577,578962,16364,441303,154023,128
473,26,Deogarh,12,12,0,1460,1460,0,39122,21609,17512,1,,,17165,16536,48437,0,39122,9315,6
253,15,Deoghar,47,44,3,10445,10145,300,122919,71070,51823,26,,,46524,31408,127072,23233,122919,27386,0
643,34,Deoria,103,103,0,15575,15575,0,173974,97500,76443,31,,,74870,84604,204617,18287,173974,48930,4
168,11,Devbhumi Dwaraka,11,11,0,1930,1930,0,121799,65188,56593,18,,,57623,47271,129026,47396,121799,54623,5
324,20,Dewas,9,8,1,1100,1000,100,155543,84782,70746,15,,,71020,58064,176091,16582,155543,37130,3
614,33,Dhalai,42,42,0,8200,8200,0,91959,49243,42700,16,,,48944,31516,137296,0,91959,45337,3
118,7,Dhamtari,109,105,4,11600,11200,400,178234,84196,94015,23,,,100245,67635,216979,4098,178234,42843,11
257,15,Dhanbad,68,57,11,10100,9000,1100,284279,159245,124999,35,,,127757,96709,295349,49859,284279,60929,43
341,20,Dhar,3,3,0,500,500,0,178150,94121,83999,30,,,82125,58631,203516,17592,178150,42958,2
566,31,Dharmapuri,66,66,0,8800,8800,0,89450,48387,41051,12,,,42333,23534,103315,12537,89450,26402,6
278,16,Dharwad,51,43,8,6515,5515,1000,251171,124677,126455,39,,,106968,108951,300841,20412,251171,70082,10
62,4,Dhemaji,20,20,0,2470,2470,0,77763,39189,38558,16,,,38331,21253,85074,10960,77763,18271,1
458,26,Dhenkanal,9,6,3,825,525,300,138623,76094,62512,17,,,62846,66202,163381,0,138623,24758,0
524,29,Dholpur,128,128,0,17598,17598,0,241126,128306,112786,34,,,91135,101980,284301,12804,241126,55979,5
59,4,Dhubri,16,16,0,1340,1340,0,92828,50959,41860,9,,,44355,28777,113455,8040,92828,28667,2
388,21,Dhule,53,45,8,6157,5257,900,238099,128842,109208,49,,,105684,86840,235969,61373,238099,59243,0
718,36,Diamond Harbor HD (S 24 Parganas),125,125,0,23190,23190,0,319782,170468,149280,34,,,125582,145590,421125,35996,319782,137339,24
25,3,Dibang Valley,1,1,0,100,100,0,1762,1049,713,0,,,549,186,2639,0,1762,877,0
43,4,Dibrugarh,17,15,2,1693,1493,200,177660,95507,82135,18,,,80678,42644,186940,28388,177660,37668,27
67,4,Dima Hasao,24,24,0,3135,3135,0,28911,17229,11676,6,,,13916,5572,28908,8675,28911,8672,3
434,25,Dimapur,33,32,1,8650,8550,100,59296,36144,23148,4,,,26358,12119,73811,0,59296,14515,4
556,31,Dindigul,44,38,6,8132,7532,600,75792,37886,37897,9,,,34999,23538,89792,11324,75792,25324,1
336,20,Dindori,5,5,0,540,540,0,68564,31924,36628,12,,,28355,29516,75873,3919,68564,11228,9
139,37,Diu,3,3,0,1200,1200,0,20123,9720,10398,5,,,5801,4830,25610,0,20123,5487,1
232,14,Doda,38,38,0,11440,11440,0,77385,42917,34459,9,,,38466,30475,100596,0,77385,23211,0
258,15,Dumka,41,41,0,9090,9090,0,136335,68317,67999,19,,,51559,52750,138634,23992,136335,26291,1
520,29,Dungarpur,68,68,0,11550,11550,0,201953,97336,104579,38,,,82462,91736,253651,1616,201953,53314,6
119,7,Durg,153,138,15,18990,17320,1670,368228,187519,180671,38,,,206870,125919,460798,10376,368228,102946,66
719,36,East Bardhaman,73,71,2,21184,20984,200,487258,265538,221685,35,,,221776,203637,619342,49053,487258,181137,150
105,5,East Champaran,244,244,0,76762,76762,0,345648,200060,145424,164,,,123341,120659,386416,15420,345648,56188,2
145,9,East Delhi,50,37,13,7200,4400,2800,264344,147299,116999,46,,,109412,72593,277700,52206,264344,65562,123
424,23,East Garo Hills,29,29,0,3540,3540,0,15747,8667,7079,1,,,8009,2181,20110,0,15747,4363,1
11,2,East Godavari,110,107,3,46066,45479,587,554676,302947,251656,73,,,248922,189765,641374,146441,554676,233139,26
418,23,East Jaintia Hills,25,25,0,2700,2700,0,19465,11711,7751,3,,,8071,3022,22192,0,19465,2727,17
23,3,East Kameng,2,2,0,200,200,0,8243,4316,3924,3,,,4473,1246,10069,0,8243,1826,1
414,23,East Khasi Hills,76,70,6,5761,5110,651,111896,59974,51912,10,,,48278,20143,134957,0,111896,23061,83
42,3,East Siang,3,3,0,1000,1000,0,19121,9864,9255,2,,,9242,4285,27594,0,19121,8473,10
535,30,East Sikkim,14,13,1,2220,2120,100,91535,48933,42589,13,,,45350,24913,120320,0,91535,28785,125
247,15,East Singhbhum,11,1,10,1100,100,1000,329237,184278,144914,45,,,153996,107177,333779,65365,329237,69907,14
307,17,Ernakulam,42,33,9,7380,5530,1850,753912,343303,410532,77,,,269644,384413,891696,84191,753912,221975,74
563,31,Erode,179,173,6,31950,31350,600,149637,81800,67811,26,,,60206,53650,166816,27678,149637,44857,4
644,34,Etah,58,58,0,7660,7660,0,79656,45788,33858,10,,,41057,29523,89840,10769,79656,20953,7
645,34,Etawah,25,25,0,2435,2435,0,93980,54473,39492,15,,,44033,36942,112628,12790,93980,31438,20
199,12,Faridabad,78,68,10,27810,25200,2610,423057,237063,185923,71,,,173898,136254,475683,41446,423057,94072,18
499,28,Faridkot,46,46,0,14402,14402,0,83864,46119,37727,18,,,34948,33074,89641,10813,83864,16590,0
647,34,Farrukhabad,99,99,0,30740,30740,0,95022,55890,39109,23,,,47361,38005,118094,14578,95022,37650,18
196,12,Fatehabad,32,32,0,4740,4740,0,127769,66371,61381,17,,,44706,50198,132320,17580,127769,22131,44
484,28,Fatehgarh Sahib,89,89,0,15250,15250,0,51036,30015,21017,4,,,22531,16873,54464,6338,51036,9766,0
648,34,Fatehpur,85,85,0,11655,11655,0,133124,74481,58626,17,,,60403,60062,144554,27957,133124,39387,25
487,28,Fazilka,117,116,1,13800,13700,100,81710,47474,34231,5,,,35651,29552,82501,13638,81710,14429,0
480,28,Ferozpur,89,88,1,12700,12600,100,79096,46237,32853,6,,,34103,26722,86476,9821,79096,17201,1
649,34,Firozabad,60,58,2,10610,10410,200,167864,95562,72259,43,,,71133,48170,182359,19046,167864,33541,5
280,16,Gadag,156,155,1,19581,19481,100,164138,78246,85862,30,,,77192,68863,187481,26178,164138,49521,6
379,21,Gadchiroli,69,68,1,17220,17120,100,118291,66980,51298,13,,,51102,32778,117377,31669,118291,30755,308
467,26,Gajapati,13,13,0,3510,3510,0,69239,32247,36982,10,,,31239,29584,89863,0,69239,20624,2
228,14,Ganderbal,35,35,0,4340,4340,0,76994,43921,33062,11,,,46453,24550,90815,0,76994,13821,5
153,11,Gandhinagar,39,36,3,4725,4425,300,203917,106753,97139,25,,,99292,75299,260500,26545,203917,83128,29
772,11,Gandhinagar Corporation,28,25,3,6260,5260,1000,105199,60178,45007,14,,,31257,23204,132135,9263,105199,36199,2
449,26,Ganjam,46,46,0,24460,24460,0,627989,318691,309179,119,,,254400,254786,762101,0,627989,134112,55
243,15,Garhwa,29,28,1,11660,11560,100,107227,57463,49739,25,,,34072,45722,124282,6982,107227,24037,0
120,7,Gariaband,65,64,1,9850,9750,100,105447,49062,56375,10,,,63773,34885,119763,1070,105447,15386,18
136,7,Gaurela Pendra Marwahi,30,30,0,6500,6500,0,67560,31696,35850,14,,,40760,22760,74623,1457,67560,8520,1
650,34,Gautam Buddha Nagar,95,70,25,23400,14050,9350,433356,255977,177285,94,,,172739,115031,487420,44106,433356,98170,13
79,5,Gaya,75,75,0,30150,30150,0,318676,175259,143366,51,,,113804,104554,277437,119790,318676,78551,2
651,34,Ghaziabad,98,91,7,21850,19400,2450,423489,239035,184373,81,,,187814,119819,462338,54279,423489,93128,4
652,34,Ghazipur,77,77,0,30250,30250,0,157295,88648,68628,19,,,74182,66876,179753,22502,157295,44960,15
177,11,Gir Somnath,62,60,2,29660,29360,300,184288,99645,84557,86,,,105484,58688,175930,63280,184288,54922,5
256,15,Giridih,33,29,4,3420,3020,400,201789,103387,98363,39,,,66270,86799,223525,14479,201789,36215,5
60,4,Goalpara,27,27,0,3340,3340,0,78779,40995,37748,36,,,36887,17083,89933,9390,78779,20544,9
262,15,Godda,21,19,2,3615,3500,115,99801,52298,47486,17,,,33635,39065,114398,5232,99801,19829,4
53,4,Golaghat,12,12,0,1500,1500,0,97578,54065,43500,13,,,48081,27145,109420,13763,97578,25605,6
615,33,Gomati,20,20,0,6860,6860,0,95078,49030,46036,12,,,55618,29623,141604,14,95078,46540,1
653,34,Gonda,126,124,2,24400,24200,200,222067,131642,90376,49,,,94540,77498,233320,33281,222067,44534,63
378,21,Gondia,32,32,0,3840,3840,0,200529,104465,96035,29,,,95852,69308,165972,84705,200529,50148,14
104,5,Gopalganj,62,61,1,21800,21400,400,184391,104184,80186,21,,,63166,77039,222778,0,184391,38387,3
654,34,Gorakhpur,80,74,6,16430,15830,600,389679,225853,163736,90,,,150596,114532,414547,54945,389679,79813,8
267,16,Gulbarga,324,318,6,40425,39825,600,236374,120254,116075,45,,,121117,77619,267786,26140,236374,57552,6
251,15,Gumla,56,55,1,7430,7330,100,104888,48479,56394,15,,,43172,41810,110371,9798,104888,15281,4
348,20,Guna,0,0,0,0,0,0,124837,69229,55596,12,,,53178,52813,139219,11273,124837,25655,1
5,2,Guntur,92,87,5,19020,15870,3150,529044,286171,242813,60,,,244567,171883,544174,181953,529044,197083,47
489,28,Gurdaspur,188,188,0,34510,34510,0,293918,153416,140468,34,,,133471,116309,344204,24229,293918,74515,2
188,12,Gurgaon,99,54,45,30658,6411,24247,581724,335007,246641,76,,,212466,162973,634414,100841,581724,153531,23
313,20,Gwalior,51,43,8,5910,4360,1550,358260,203483,154723,54,,,151450,111818,370412,61044,358260,73196,10
68,4,Hailakandi,17,17,0,3400,3400,0,62846,34461,28378,7,,,30742,14209,63916,14868,62846,15938,7
217,13,Hamirpur,17,17,0,1760,1760,0,169919,78328,91562,29,,,82153,76327,204407,0,169919,34488,49
655,34,Hamirpur,25,25,0,2365,2365,0,84353,45770,38579,4,,,43812,34740,95557,7334,84353,18538,10
517,29,Hanumangarh,9,9,0,2700,2700,0,294438,155960,138449,29,,,125342,119832,333622,4894,294438,44078,4
656,34,Hapur,31,28,3,3583,3283,300,94119,53106,41005,8,,,51087,33266,104504,14376,94119,24761,11
361,20,Harda,2,2,0,200,200,0,56323,30966,25352,5,,,24439,20985,62048,4286,56323,10011,8
657,34,Hardoi,62,61,1,20430,20330,100,154158,85761,68372,25,,,76160,60443,179026,21329,154158,46197,8
702,35,Haridwar,76,70,6,9053,8453,600,304258,172787,131433,38,,,125104,103564,389721,5141,304258,90604,45
289,16,Hassan,222,219,3,25510,25210,300,318799,152251,166506,42,,,136744,145278,335417,60851,318799,77469,52
658,34,Hathras,49,49,0,10217,10217,0,107868,58220,49638,10,,,49094,51892,116552,16617,107868,25301,15
279,16,Haveri,74,72,2,8370,8170,200,144105,69845,74241,19,,,62564,67244,157433,18270,144105,31598,48
255,15,Hazaribagh,58,55,3,7520,7220,300,183840,97359,86451,30,,,68640,66448,174497,44180,183840,34837,11
386,21,Hingoli,15,12,3,2540,2240,300,106194,58507,47674,13,,,43285,40742,108318,25367,106194,27491,4
191,12,Hisar,63,58,5,8650,8150,500,210242,112546,97663,33,,,80466,77806,233619,5621,210242,28998,49
764,4,Hojai,24,24,0,2990,2990,0,83880,44616,39251,13,,,40598,26336,75610,34229,83880,25959,0
720,36,Hoogly,19,17,2,2200,2000,200,665407,355660,309695,52,,,294999,284787,863211,80769,665407,278573,10
360,20,Hoshangabad,15,15,0,2000,2000,0,134509,73918,60567,24,,,57314,53072,146257,17774,134509,29522,1
481,28,Hoshiarpur,31,30,1,6360,6320,40,282981,156021,126928,32,,,127012,109728,323096,18835,282981,58950,4
721,36,Howrah,42,33,9,6000,5000,1000,493797,269463,224284,50,,,221149,195855,640204,54016,493797,200423,21
581,32,Hyderabad,167,106,61,32278,20390,11888,674313,365167,309067,79,,,329091,236513,745666,188913,674313,260518,104
306,17,Idukki,8,5,3,1100,800,300,236079,111333,124699,47,,,103431,110479,274826,21480,236079,60227,31
401,22,Imphal East,15,15,0,1850,1850,0,85611,46829,38768,14,,,40045,20866,99424,0,85611,13813,15
402,22,Imphal West,25,23,2,4590,4390,200,91595,50969,40613,13,,,39766,22923,107800,0,91595,16205,41
314,20,Indore,4,1,3,2010,100,1910,811554,435623,375803,128,,,355754,242849,877466,146940,811554,212852,17
17,3,Itanagar Capital Complex,6,6,0,1200,1200,0,33505,19810,13692,3,,,14215,2716,41137,0,33505,7632,19
315,20,Jabalpur,25,14,11,4750,3350,1400,452721,242624,210011,86,,,210205,140474,432371,127706,452721,107356,6
459,26,Jagatsinghpur,1,0,1,100,0,100,140107,76997,63092,18,,,58940,72826,171138,0,140107,31031,4
584,32,Jagtial,52,49,3,14525,14225,300,123933,57871,66036,26,,,69561,47411,132195,20519,123933,28781,13
505,29,Jaipur I,227,192,35,58510,52770,5740,904104,492896,411052,156,,,391418,313478,959314,151890,904104,207100,67
506,29,Jaipur II,99,80,19,18470,16050,2420,540362,291348,248955,59,,,234524,188209,556460,99649,540362,115747,5
527,29,Jaisalmer,30,30,0,8730,8730,0,113042,66545,46491,6,,,46794,38014,125212,23146,113042,35316,3
460,26,Jajpur,1,1,0,800,800,0,199004,109380,89591,33,,,88920,95755,234486,0,199004,35482,0
492,28,Jalandhar,131,103,28,24146,21146,3000,398929,213456,185422,51,,,194194,153886,441170,40986,398929,83227,8
659,34,Jalaun,95,95,0,15150,15150,0,106189,60825,45353,11,,,51954,45551,119631,8963,106189,22405,8
390,21,Jalgaon,33,21,12,3780,1930,1850,408434,222358,186046,30,,,176548,162373,472699,52553,408434,116818,7
396,21,Jalna,57,57,0,8880,8880,0,241843,130804,111002,37,,,91659,97461,244041,48481,241843,50679,100
533,29,Jalore,70,70,0,12550,12550,0,263919,140686,123162,71,,,101295,129899,324423,3023,263919,63527,1
722,36,Jalpaiguri,42,41,1,13652,13552,100,173429,100810,72588,31,,,75632,52125,202571,35055,173429,64197,25
230,14,Jammu,47,43,4,16400,16000,400,461038,256362,204593,83,,,220246,168016,572867,19248,461038,131077,29
169,11,Jamnagar,114,113,1,19300,17300,2000,200377,113664,86686,27,,,78314,80137,258632,9398,200377,67653,140
773,11,Jamnagar Corporation,41,41,0,8170,8170,0,154861,83452,71385,24,,,51014,40367,182116,20227,154861,47482,114
259,15,Jamtara,57,57,0,8770,8770,0,83246,43501,39739,6,,,30876,31476,94642,5474,83246,16870,14
107,5,Jamui,32,32,0,5680,5680,0,133742,71817,61900,25,,,41722,60195,160677,0,133742,26935,1
585,32,Jangaon,13,13,0,1750,1750,0,55688,25852,29829,7,,,26729,25409,64288,8102,55688,16702,4
121,7,Janjgir-Champa,189,187,2,28450,28250,200,274454,130962,143473,19,,,144361,115276,317259,9550,274454,52355,8
122,7,Jashpur,178,177,1,26015,25915,100,169190,77625,91539,26,,,93604,60745,198573,5760,169190,35143,31
660,34,Jaunpur,110,108,2,22805,22605,200,248908,136026,112829,53,,,110373,120676,279328,40639,248908,71059,18
586,32,Jayashankar Bhupalpally,15,15,0,4371,4371,0,74145,35452,38677,16,,,39911,30146,61202,22003,74145,9060,8
91,5,Jehanabad,23,23,0,6970,6970,0,89155,48761,40363,31,,,30512,31219,99733,4931,89155,15509,2
340,20,Jhabua,25,25,0,4260,4260,0,63933,31596,32331,6,,,23762,21831,77220,4263,63933,17550,1
189,12,Jhajjar,37,37,0,7643,7643,0,165511,86541,78935,35,,,64093,64231,173708,28135,165511,36332,5
515,29,Jhalawar,25,25,0,4970,4970,0,245789,128335,117423,31,,,85596,119718,297031,3141,245789,54383,18
661,34,Jhansi,78,75,3,17142,16842,300,161243,95365,65836,42,,,57689,45744,179677,24763,161243,43197,17
723,36,Jhargram,34,34,0,5770,5770,0,72000,46082,25913,5,,,26363,20202,91929,19437,72000,39366,3
474,26,Jharsuguda,16,14,2,1940,1740,200,77591,43151,34436,4,,,38150,32125,102852,0,77591,25261,6
510,29,Jhunjhunu,97,96,1,14560,14460,100,474150,231871,242210,69,,,189598,225915,573189,22657,474150,121696,11
204,12,Jind,24,24,0,4600,4600,0,154005,79520,74463,22,,,58808,60918,170570,2286,154005,18851,15
410,22,Jiribam,2,2,0,450,450,0,5113,3574,1539,0,,,1875,646,6813,0,5113,1700,1
502,29,Jodhpur,92,85,7,13910,13210,700,693825,375280,318456,89,,,289914,270797,783140,83166,693825,172481,15
587,32,Jogulamba Gadwal,11,11,0,1300,1300,0,50296,25520,24765,11,,,28335,17897,52985,6924,50296,9613,7
54,4,Jorhat,17,17,0,1993,1993,0,113711,61742,51949,20,,,50827,34318,119923,21185,113711,27397,29
178,11,Junagadh,56,56,0,12210,12210,0,204562,105977,98563,22,,,103638,81659,249657,9379,204562,54474,14
774,11,Junagadh Corporation,6,6,0,780,780,0,65136,34244,30885,7,,,29501,24341,88070,5581,65136,28515,3
80,5,Kaimur,14,14,0,4000,4000,0,121790,66483,55285,22,,,40403,50420,142489,0,121790,20699,1
190,12,Kaithal,48,46,2,7851,7651,200,142256,74104,68136,16,,,46940,54593,146225,20941,142256,24910,23
413,22,Kakching,7,7,0,1806,1806,0,19430,10335,9089,6,,,9146,6021,22153,0,19430,2723,1
464,26,Kalahandi,45,45,0,7900,7900,0,185850,95257,90571,22,,,82191,86700,233729,0,185850,47879,3
724,36,Kalimpong,9,9,0,1460,1460,0,58609,29983,28619,7,,,28469,22005,76213,11049,58609,28653,14
552,31,Kallakurichi,63,60,3,8740,8440,300,56811,29568,27238,5,,,24681,18089,69606,4986,56811,17781,3
588,32,Kamareddy,56,56,0,8500,8500,0,143164,66972,76164,28,,,80044,53541,163002,15003,143164,34841,3
409,22,Kamjong,3,3,0,450,450,0,3428,2063,1365,0,,,1014,437,3965,0,3428,537,0
24,3,Kamle,1,1,0,100,100,0,2240,1213,1027,0,,,1108,400,2777,0,2240,537,1
49,4,Kamrup Metropolitan,124,120,4,16140,15540,600,414235,233835,180313,87,,,147321,80624,424053,69779,414235,79597,18
50,4,Kamrup Rural,60,55,5,18240,17740,500,207105,111820,95250,35,,,97986,58884,228426,26647,207105,47968,8
557,31,Kanchipuram,57,53,4,16800,16400,400,65819,36814,28996,9,,,30431,18556,77436,9805,65819,21422,2
450,26,Kandhamal,10,10,0,2520,2520,0,96889,45824,51052,13,,,42094,44044,120433,0,96889,23544,4
408,22,Kangpokpi,3,3,0,550,550,0,9583,4988,4594,1,,,4224,1997,11800,0,9583,2217,0
213,13,Kangra,101,99,2,19850,19550,300,419168,200572,218523,73,,,205263,178009,505693,0,419168,86525,75
123,7,Kanker,53,53,0,15135,15135,0,155074,77865,77195,14,,,82922,50990,188377,6711,155074,40014,23
662,34,Kannauj,70,69,1,16340,16240,100,64631,38049,26558,24,,,30052,25738,79727,5120,64631,20216,6
297,17,Kannur,30,29,1,4160,4060,100,488642,222818,265753,71,,,197443,240114,595168,44135,488642,150661,716
663,34,Kanpur Dehat,31,29,2,6498,6298,200,100328,58637,41661,30,,,49922,41631,118098,10201,100328,27971,6
664,34,Kanpur Nagar,133,127,6,22250,21420,830,438987,254168,184743,76,,,171762,136262,473783,60077,438987,94873,11
544,31,Kanyakumari,55,45,10,14200,13200,1000,119182,60199,58967,16,,,45773,38268,145985,13078,119182,39881,4
479,28,Kapurthala,19,19,0,3570,3570,0,106115,58385,47711,19,,,52773,39533,113705,11270,106115,18860,18
476,27,Karaikal,14,14,0,6300,6300,0,23737,11992,11740,5,,,11524,8452,28263,0,23737,4526,8
525,29,Karauli,28,28,0,4890,4890,0,257542,132694,124790,58,,,104865,124186,294114,10651,257542,47223,7
51,4,Karbi-Anglong,45,45,0,6410,6410,0,52966,30009,22951,6,,,26796,8654,56199,10516,52966,13749,2
309,18,Kargil,24,24,0,4702,4702,0,42624,24427,18190,7,,,16065,12062,57198,0,42624,14574,4
69,4,Karimganj,12,12,0,3100,3100,0,81543,44731,36801,11,,,39003,20538,88089,15242,81543,21788,0
589,32,Karimnagar,31,27,4,4000,3400,600,191898,96030,95816,52,,,106122,72329,203531,21288,191898,32921,10
203,12,Karnal,50,42,8,8180,7380,800,268984,141442,127513,29,,,101492,104286,257110,66955,268984,55081,177
559,31,Karur,28,27,1,7720,7700,20,73180,39332,33837,11,,,33129,17174,85086,9533,73180,21439,1
295,17,Kasaragod,10,10,0,1150,1150,0,282619,135687,146900,32,,,138977,120536,340341,24775,282619,82497,52
665,34,Kasganj,28,28,0,7515,7515,0,66074,36169,29894,11,,,30422,28088,74304,11262,66074,19492,3
234,14,Kathua,139,139,0,27400,27400,0,138998,75528,63451,19,,,69014,55952,169437,0,138998,30439,7
75,5,Katihar,21,20,1,6340,6240,100,173470,94577,78872,21,,,61640,53557,212085,0,173470,38615,15
353,20,Katni,23,21,2,2250,2050,200,134607,72776,61815,16,,,64195,49506,146035,9427,134607,20855,0
666,34,Kaushambi,25,25,0,2730,2730,0,75240,41871,33364,5,,,38347,29519,86695,9380,75240,20835,7
135,7,Kawardha,44,43,1,13900,13800,100,128075,62917,65137,21,,,76657,40177,146856,3885,128075,22666,1
461,26,Kendrapara,0,0,0,0,0,0,178176,94680,83479,17,,,79638,90473,215846,0,178176,37670,2
455,26,Kendujhar,3,1,2,460,260,200,201271,105745,95498,28,,,98080,87105,243540,0,201271,42269,2
101,5,Khagaria,37,37,0,7490,7490,0,116396,61873,54510,13,,,36129,50614,139072,0,116396,22676,6
590,32,Khammam,33,30,3,5460,5060,400,118074,63148,54910,16,,,62541,41323,133902,28667,118074,44495,7
339,20,Khandwa,4,4,0,700,700,0,121361,63157,58190,14,,,52251,49071,129943,23434,121361,32016,1
344,20,Khargone,14,14,0,2740,2740,0,144928,77559,67346,23,,,65635,50254,162643,14455,144928,32170,5
156,11,Kheda,155,155,0,20350,20350,0,355011,186352,168619,40,,,161984,136425,349070,131565,355011,125624,10
616,33,Khowai,7,7,0,1100,1100,0,71628,36803,34818,7,,,41822,23061,103128,0,71628,31500,1
252,15,Khunti,57,57,0,6950,6950,0,75236,39132,36096,8,,,28616,23806,69657,18744,75236,13165,5
446,26,Khurda,31,30,1,6860,6760,100,672857,381946,290805,106,,,276027,184536,169199,760433,672857,256775,21
216,13,Kinnaur,2,2,0,260,260,0,27217,13949,13264,4,,,13814,9612,35920,0,27217,8703,11
444,25,Kiphire,8,8,0,1400,1400,0,5169,3550,1619,0,,,1840,1010,7159,0,5169,1990,12
76,5,Kishanganj,18,18,0,3500,3500,0,105619,57150,48454,15,,,40522,35371,132547,0,105619,26928,3
231,14,Kishtwar,46,46,0,6403,6403,0,50367,29888,20467,12,,,25407,17052,62059,0,50367,11692,1
283,16,Kodagu,54,54,0,6755,6755,0,105437,50232,55193,12,,,44353,47061,119756,17453,105437,31772,21
241,15,Koderma,13,12,1,2405,2305,100,76323,36932,39384,7,,,28869,32035,84532,3869,76323,12078,18
441,25,Kohima,23,23,0,3040,3040,0,29772,17409,12361,2,,,12624,6145,38195,0,29772,8423,0
61,4,Kokrajhar,24,24,0,2255,2255,0,66883,38039,28835,9,,,32328,13671,75893,9965,66883,18975,2
277,16,Kolar,187,187,0,62050,62050,0,255945,131220,124698,27,,,106571,90220,275659,44641,255945,64355,22
428,24,Kolasib,2,2,0,900,900,0,17973,9110,8862,1,,,8872,6079,22263,0,17973,4290,8
371,21,Kolhapur,339,320,19,112150,110250,1900,942668,471904,470613,151,,,437146,405514,1089834,73214,942668,220380,58
725,36,Kolkata,159,121,38,79610,51320,28290,1248822,707735,540890,197,,,569170,471853,1491213,255459,1248822,497850,111
298,17,Kollam,11,7,4,2450,2050,400,513247,232792,280372,83,,,192733,262383,633028,45835,513247,165616,138
124,7,Kondagaon,34,33,1,5880,5780,100,114874,52605,62255,14,,,75280,29523,131258,4044,114874,20428,11
282,16,Koppal,236,234,2,24640,24440,200,217205,98234,118935,36,,,105423,92081,230429,40475,217205,53699,102
451,26,Koraput,53,53,0,19500,19500,0,221225,105048,116128,49,,,88433,102519,275804,1,221225,54580,4
125,7,Korba,119,117,2,22962,22762,200,278471,135012,143433,26,,,168838,91467,319591,5725,278471,46845,23
126,7,Koriya,49,49,0,14420,14420,0,111219,55124,56087,8,,,62271,38461,127912,3228,111219,19921,14
503,29,Kota,43,43,0,6480,6480,0,480192,258698,221415,79,,,198078,153553,536309,35767,480192,91884,12
304,17,Kottayam,19,19,0,3310,3310,0,439898,196359,243480,59,,,162306,233371,523442,35659,439898,119203,175
780,31,Kovilpatti,35,32,3,7700,7400,300,40821,20272,20544,5,,,17906,14407,47735,5268,40821,12182,2
305,17,Kozhikode,24,17,7,2009,919,1090,581959,274423,307452,84,,,240549,275310,706651,51878,581959,176570,184
27,3,Kra Daadi,3,3,0,400,400,0,2642,1391,1251,0,,,921,470,3362,0,2642,720,1
4,2,Krishna,90,88,2,41820,41370,450,620183,325179,294925,79,,,319472,195692,643598,210509,620183,233924,32
562,31,Krishnagiri,86,86,0,9310,9310,0,137682,75647,62015,20,,,74337,36622,156129,22082,137682,40529,0
221,14,Kulgam,62,62,0,13505,13505,0,91218,52602,38600,16,,,49356,34353,103169,0,91218,11951,0
211,13,Kullu,11,11,0,1100,1100,0,115858,58339,57506,13,,,62430,42487,144122,0,115858,28264,4
591,32,Kumuram Bheem,34,34,0,4010,4010,0,41920,21109,20800,11,,,23177,14293,41709,7209,41920,6998,7
226,14,Kupwara,17,17,0,4100,4100,0,84052,52768,31275,9,,,44270,27126,101603,0,84052,17551,4
7,2,Kurnool,117,117,0,60500,60500,0,406296,201842,204411,43,,,193498,152622,475639,100397,406296,169740,12
186,12,Kurukshetra,46,45,1,7280,7180,100,161600,84058,77523,19,,,60538,70251,171978,17472,161600,27850,13
21,3,Kurung Kumey,3,3,0,300,300,0,4288,2006,2220,62,,,1438,948,6230,0,4288,1942,4
667,34,Kushinagar,42,41,1,8605,8505,100,183528,104114,79390,24,,,88076,79233,201376,29696,183528,47544,12
170,11,Kutch,73,73,0,10600,10600,0,330814,181234,149548,32,,,140441,115508,414578,33615,330814,117379,14
210,13,Lahaul Spiti,1,1,0,100,100,0,9154,4655,4497,2,,,4818,3255,12504,0,9154,3350,0
63,4,Lakhimpur,7,7,0,1450,1450,0,94060,49403,44650,7,,,45147,26667,109616,12124,94060,27680,6
668,34,Lakhimpur Kheri,104,103,1,23660,23560,100,160254,92603,67630,21,,,78981,61136,173682,26433,160254,39861,5
84,5,Lakhisarai,31,31,0,5510,5510,0,63241,34433,28796,12,,,19579,25147,76171,0,63241,12930,0
311,19,Lakshadweep,11,11,0,2840,2840,0,24395,13681,10712,2,,,12593,7163,31330,0,24395,6935,0
669,34,Lalitpur,67,65,2,11127,10927,200,68797,37552,31236,9,,,31956,30946,73916,9461,68797,14580,4
244,15,Latehar,31,31,0,4925,4925,0,70614,39241,31357,16,,,23583,24871,78956,5434,70614,13776,2
383,21,Latur,101,95,6,14545,13945,600,296970,164134,132795,41,,,114244,126022,311975,57733,296970,72738,20
432,24,Lawngtlai,1,1,0,100,100,0,14414,7786,6626,2,,,6697,3892,17260,0,14414,2846,39
310,18,Leh,6,6,0,1200,1200,0,57599,31301,26293,5,,,19382,18036,80291,0,57599,22692,0
33,3,Lepa Rada,2,2,0,200,200,0,5361,2932,2429,0,,,2491,1262,7875,0,5361,2514,0
250,15,Lohardaga,13,13,0,1950,1950,0,56433,27916,28500,17,,,24014,20142,53997,12151,56433,9715,6
29,3,Lohit,3,3,0,300,300,0,8224,5025,3196,3,,,4120,1366,10228,0,8224,2004,37
40,3,Longding,4,4,0,700,700,0,5084,3534,1550,0,,,1589,494,6743,0,5084,1659,21
438,25,Longleng,6,6,0,600,600,0,7911,4319,3591,1,,,3554,1873,10037,0,7911,2126,1
31,3,Lower Dibang Valley,8,8,0,3100,3100,0,9725,5312,4412,1,,,4725,1830,12286,0,9725,2561,16
18,3,Lower Siang,1,1,0,500,500,0,4991,2652,2339,0,,,2762,1088,6079,0,4991,1088,0
32,3,Lower Subansiri,7,7,0,700,700,0,9920,4961,4957,2,,,4576,2085,13979,0,9920,4059,39
670,34,Lucknow,123,116,7,30860,30010,850,652579,377014,275405,160,,,246109,174078,721820,118311,652579,187552,25
488,28,Ludhiana,148,145,3,63906,61980,1926,537099,317013,220022,64,,,252947,180553,614823,52809,537099,130533,11
431,24,Lunglei,7,7,0,1250,1250,0,33670,17881,15788,1,,,16752,11124,41370,0,33670,7700,106
70,5,Madhepura,35,35,0,6960,6960,0,155939,85295,70615,29,,,52371,66118,183273,0,155939,27334,12
95,5,Madhubani,105,104,1,29290,29190,100,333773,175172,158544,57,,,98874,153798,410800,0,333773,77027,7
540,31,Madurai,92,75,17,16330,13520,2810,217136,114941,102164,31,,,93127,79762,261374,34800,217136,79038,1
592,32,Mahabubabad,23,23,0,4360,4360,0,91247,42727,48450,70,,,44674,40797,94882,21222,91247,24857,18
593,32,Mahabubnagar,36,29,7,12200,11500,700,93602,44843,48740,19,,,53529,31062,98848,17447,93602,22693,6
671,34,Maharajganj,51,51,0,10800,10800,0,140445,77829,62597,19,,,65678,58356,158678,19181,140445,37414,14
127,7,Mahasamund,10,10,0,1325,1325,0,247342,116308,131000,34,,,132375,104585,304927,4716,247342,62301,15
477,27,Mahe,2,2,0,210,210,0,15077,6799,8278,0,,,6918,5909,18907,0,15077,3830,2
206,12,Mahendragarh,31,31,0,6215,6215,0,170648,88326,82294,28,,,55640,77504,182618,17285,170648,29255,4
183,11,Mahisagar,35,35,0,3970,3970,0,256671,130552,126070,49,,,122517,118896,312880,28102,256671,84311,4
672,34,Mahoba,58,58,0,12477,12477,0,91085,47946,43125,14,,,44390,42773,103308,5503,91085,17726,6
673,34,Mainpuri,75,73,2,10520,10320,200,101172,55412,45744,16,,,45971,44998,108369,16066,101172,23263,22
767,4,Majuli,5,5,0,400,400,0,32942,17568,15370,4,,,17808,8689,38104,4568,32942,9730,0
302,17,Malappuram,54,50,4,3591,3191,400,538289,264904,273313,72,,,242584,235273,625480,40949,538289,128140,114
726,36,Malda,56,56,0,9609,9609,0,327498,179383,148045,70,,,150812,105226,351832,82054,327498,106388,8
469,26,Malkangiri,10,10,0,3150,3150,0,71275,35430,35829,16,,,29613,30910,90735,0,71275,19460,17
427,24,Mamit,4,4,0,620,620,0,16390,9101,7289,0,,,8316,5204,20321,0,16390,3931,285
594,32,Mancherial,33,30,3,6150,5850,300,82250,42026,40209,15,,,43861,30192,90146,7526,82250,15422,20
215,13,Mandi,65,65,0,7240,7240,0,300297,140461,159782,54,,,148102,127016,373796,0,300297,73499,276
335,20,Mandla,46,46,0,4600,4600,0,95065,47690,47367,8,,,39819,37848,102495,10431,95065,17861,6
319,20,Mandsaur,0,0,0,0,0,0,118726,64213,54495,18,,,55839,44946,131439,12167,118726,24880,2
290,16,Mandya,61,59,2,6009,5809,200,294517,135833,158635,49,,,133349,134973,342281,29866,294517,77630,43
482,28,Mansa,95,94,1,25300,25200,100,55315,33398,21912,5,,,21185,16588,56569,6327,55315,7581,1
674,34,Mathura,85,80,5,17830,17330,500,233132,136724,96358,50,,,93489,75857,241143,41386,233132,49397,76
675,34,Mau,53,52,1,11445,11345,100,105708,59987,45701,20,,,49011,41561,122844,16716,105708,33852,8
456,26,Mayurbhanj,6,6,0,600,600,0,256081,128192,127867,22,,,123465,111059,322115,0,256081,66034,3
595,32,Medak,13,13,0,1350,1350,0,103608,50077,53492,39,,,61627,35872,107025,13845,103608,17262,4
596,32,Medchal,96,80,16,18250,16100,2150,378890,203938,174903,49,,,197408,142122,433831,73495,378890,128436,31
676,34,Meerut,118,104,14,19330,17930,1400,431078,239155,191839,84,,,185847,130037,456562,66327,431078,91811,7
160,11,Mehsana,120,117,3,16150,15850,300,439008,225067,213912,29,,,181627,177829,507677,84747,439008,153416,8
677,34,Mirzapur,75,75,0,14180,14180,0,186398,104893,81473,32,,,73393,69141,201224,26667,186398,41493,7
491,28,Moga,87,87,0,17564,17564,0,82098,45941,36149,8,,,37164,32999,93123,5974,82098,16999,1
437,25,Mokokchung,10,10,0,1100,1100,0,25172,13008,12162,2,,,10321,8886,29669,0,25172,4497,1
439,25,Mon,4,4,0,370,370,0,22739,13314,9424,1,,,10344,5954,26282,0,22739,3543,3
678,34,Moradabad,72,67,5,11950,11450,500,226045,128260,97725,60,,,87340,57436,235843,41189,226045,50987,48
171,11,Morbi,21,21,0,3865,3865,0,124469,65332,59121,16,,,58353,54633,149468,24843,124469,49842,1
347,20,Morena,2,2,0,200,200,0,162109,91377,70708,24,,,65549,66329,166889,23592,162109,28372,6
55,4,Morigaon,43,43,0,8900,8900,0,75613,38105,37497,11,,,36326,24564,85589,6956,75613,16932,0
612,32,Mulugu,16,16,0,1940,1940,0,53490,25767,27714,9,,,33425,16493,44119,16007,53490,6636,1
395,21,Mumbai,339,268,71,113446,29995,83451,2332849,1255386,1077113,350,,,1070511,854641,2852891,230761,2332849,750803,483
128,7,Mungeli,43,42,1,5220,5120,100,130275,62082,68187,6,,,74471,49769,144379,1903,130275,16007,14
85,5,Munger,44,42,2,6200,5900,300,113359,63908,49422,29,,,38858,42947,141559,1,113359,28201,7
727,36,Murshidabad,38,38,0,9230,9230,0,511850,264330,247471,49,,,233452,202257,622098,91288,511850,201536,39
679,34,Muzaffarnagar,74,69,5,22600,22000,600,169087,92652,76401,34,,,87639,67148,193874,23835,169087,48622,8
86,5,Muzaffarpur,120,119,1,19650,19550,100,345686,195015,150623,48,,,114413,121613,370023,33555,345686,57892,8
266,16,Mysore,306,298,8,34535,32665,1870,695083,330774,364206,103,,,348762,280202,796029,55540,695083,156486,58
470,26,Nabarangpur,27,27,0,8360,8360,0,129547,59016,70514,17,,,56224,53032,160455,0,129547,30908,6
728,36,Nadia,8,8,0,1200,1200,0,428263,234568,193650,45,,,180432,175984,540618,47312,428263,159667,17
56,4,Nagaon,67,67,0,7835,7835,0,158347,81051,77274,22,,,77526,46734,173998,23454,158347,39105,2
576,31,Nagapattinam,33,30,3,12710,12410,300,60971,34913,26051,7,,,27083,18320,73395,9033,60971,21457,1
597,32,Nagarkurnool,16,16,0,1675,1675,0,92118,43640,48437,41,,,51178,35771,98931,10395,92118,17208,3
532,29,Nagaur,47,47,0,5940,5940,0,750935,370666,380152,117,,,354084,321850,938150,15097,750935,202312,12
365,21,Nagpur,322,302,20,74820,72520,2300,999963,535279,464518,166,,,468768,366734,1183436,82270,999963,265743,138
709,35,Nainital,38,34,4,9700,9200,500,213800,110753,102961,86,,,92482,74909,271746,8782,213800,66728,10
90,5,Nalanda,44,44,0,10084,10084,0,293460,153982,139426,52,,,95137,126950,343938,8137,293460,58615,0
52,4,Nalbari,6,5,1,690,590,100,65826,36904,28910,12,,,33738,18040,72144,8604,65826,14922,1
598,32,Nalgonda,11,7,4,2300,1900,400,118579,61850,56718,11,,,63061,41198,140580,7375,118579,29376,1
558,31,Namakkal,61,55,6,17117,16517,600,145897,76128,69742,27,,,66997,48508,171809,22323,145897,48235,1
36,3,Namsai,0,0,0,0,0,0,16830,9062,7768,0,,,9053,3954,21345,0,16830,4515,13
382,21,Nanded,384,378,6,46500,45900,600,345997,186708,159250,39,,,154435,133132,317039,101282,345997,72324,15
729,36,Nandigram HD (East Medinipore),36,36,0,9800,9800,0,262108,137893,124186,29,,,115004,123397,315121,36511,262108,89524,12
387,21,Nandurbar,99,96,3,36770,36470,300,196311,104520,91768,23,,,92555,54186,211578,31521,196311,46788,13
613,32,Narayanpet,15,15,0,6400,6400,0,31364,15369,15987,8,,,17083,10865,34294,3964,31364,6894,3
129,7,Narayanpur,14,14,0,1610,1610,0,22694,12725,9967,2,,,11420,4251,27738,1637,22694,6681,15
184,11,Narmada,61,61,0,8570,8570,0,137221,69652,67547,22,,,70751,53423,150677,30608,137221,44064,25
352,20,Narsinghpur,26,26,0,3950,3950,0,115273,64499,50765,9,,,49858,46781,133485,8944,115273,27156,2
389,21,Nashik,80,63,17,9040,6940,2100,743548,410806,332642,100,,,352480,272283,851251,99894,743548,207597,34
164,11,Navsari,149,147,2,16630,16430,200,282053,135800,146232,21,,,127238,125859,297368,104612,282053,119927,10
92,5,Nawada,89,88,1,37150,37050,100,170635,88756,81851,28,,,58203,70998,201939,7089,170635,38393,4
462,26,Nayagarh,3,3,0,2400,2400,0,115104,62116,52978,10,,,46171,61656,139897,0,115104,24793,1
323,20,Neemuch,0,0,0,0,0,0,96315,53548,42754,13,,,42460,33517,109217,8510,96315,21412,2
140,9,New Delhi,57,51,6,9648,7730,1918,331739,201810,129887,42,,,160779,71003,258780,203018,331739,130059,58
3,1,Nicobar,3,3,0,300,300,0,8611,4530,4081,0,,,4926,2708,10516,0,8611,1905,0
577,31,Nilgiris,91,85,6,20380,19780,600,132489,64005,68472,12,,,65120,45706,163703,15192,132489,46406,0
599,32,Nirmal,47,46,1,5600,5500,100,123413,57952,65442,19,,,82615,34908,128657,14337,123413,19581,6
600,32,Nizamabad,58,46,12,8511,7300,1211,151558,75497,76037,24,,,85214,49571,171243,13283,151558,32968,6
412,22,Noney,3,3,0,500,500,0,5530,3683,1845,2,,,2016,948,7458,0,5530,1928,0
730,36,North 24 Parganas,107,105,2,28200,27800,400,820946,455152,365692,102,,,348332,351105,989060,139394,820946,307508,25
1,1,North and Middle Andaman,3,3,0,300,300,0,31536,16760,14773,3,,,17694,10951,34816,0,31536,3280,0
146,9,North Delhi,63,61,2,8120,7920,200,295292,172329,122898,65,,,104517,70536,236839,135793,295292,77340,67
147,9,North East Delhi,55,55,0,8250,8250,0,241581,144004,97509,68,,,88768,48437,229058,84239,241581,71716,24
423,23,North Garo Hills,13,13,0,1750,1750,0,14572,6931,7641,0,,,8464,3261,18211,0,14572,3639,5
151,10,North Goa,30,23,7,14310,13340,970,189181,98656,90514,11,,,77034,64554,229355,5219,189181,45393,409
537,30,North Sikkim,3,3,0,900,900,0,10835,6148,4685,2,,,5661,2900,15376,0,10835,4541,19
617,33,North Tripura,4,4,0,500,500,0,111077,57040,54021,16,,,65231,37539,182594,0,111077,71517,6
143,9,North West Delhi,88,65,23,13645,10375,3270,489817,273939,215805,73,,,188574,133481,425993,202239,489817,138415,44
465,26,Nuapada,23,23,0,2310,2310,0,67525,33886,33628,11,,,28560,32913,83704,0,67525,16179,5
205,12,Nuh,53,53,0,9200,9200,0,61518,34192,27310,16,,,18916,18658,63224,5343,61518,7049,7
381,21,Osmanabad,0,0,0,0,0,0,205553,112657,92864,32,,,78086,91701,199051,49278,205553,42776,4
19,3,Pakke Kessang,1,1,0,120,120,0,4014,2092,1920,2,,,2367,506,5359,0,4014,1345,0
261,15,Pakur,25,25,0,6000,6000,0,81069,39618,41442,9,,,28079,31733,85574,12208,81069,16713,4
308,17,Palakkad,59,59,0,3020,3020,0,429009,197342,231607,60,,,160474,215152,541453,32179,429009,144623,258
246,15,Palamu,111,110,1,17110,17070,40,208358,112135,96181,42,,,70048,96489,192870,51307,208358,35819,3
564,31,Palani,47,39,8,5911,5111,800,63292,32526,30762,4,,,29173,17046,76269,6612,63292,19589,0
394,21,Palghar,31,25,6,10775,10075,700,263387,141218,122145,24,,,118862,88438,312013,19541,263387,68167,14
529,29,Pali,58,58,0,16915,16915,0,399971,209627,190292,52,,,141322,180148,484827,9818,399971,94674,35
207,12,Palwal,87,85,2,24740,24540,200,183598,99502,84045,51,,,64368,71662,142818,60688,183598,19908,18
187,12,Panchkula,30,20,10,5970,4970,1000,167955,90697,77224,34,,,59485,54065,183795,32163,167955,48003,92
185,11,Panchmahal,32,32,0,4080,4080,0,304911,153883,150979,49,,,147583,131249,348791,78092,304911,121972,1
195,12,Panipat,27,23,4,3380,2980,400,172404,94884,77482,38,,,68349,59306,168891,35002,172404,31489,31
326,20,Panna,20,20,0,4450,4450,0,66386,37234,29147,5,,,27428,23685,72946,5099,66386,11659,18
39,3,Papum Pare,1,1,0,100,100,0,12925,8264,4661,0,,,5220,1631,17440,0,12925,4515,32
573,31,Paramakudi,43,43,0,5950,5950,0,43953,18914,25035,4,,,20621,16205,50781,3180,43953,10008,1
385,21,Parbhani,43,41,2,6965,6765,200,210422,113379,97016,27,,,85593,85105,199833,56121,210422,45532,7
731,36,Paschim Medinipore,110,110,0,20180,20180,0,410523,232647,177844,32,,,165000,181311,514137,66832,410523,170446,18
161,11,Patan,110,110,0,12624,12624,0,205446,106415,99005,26,,,92250,84058,229568,46452,205446,70574,10
300,17,Pathanamthitta,91,87,4,12465,11765,700,389275,172203,217018,54,,,137299,216269,486543,36007,389275,133275,29
486,28,Pathankot,61,60,1,18650,18200,450,144850,76462,68374,14,,,70335,57907,155777,17883,144850,28810,1
494,28,Patiala,54,53,1,12320,12170,150,243855,138183,105658,14,,,106818,91457,262263,21052,243855,39460,11
97,5,Patna,201,199,2,86134,85834,300,701341,408559,292679,103,,,277659,212436,488191,431868,701341,218718,34
698,35,Pauri Garhwal,33,33,0,6679,6679,0,163729,77232,86466,31,,,68577,71241,207819,2333,163729,46423,32
601,32,Peddapalli,28,28,0,3101,3101,0,100252,50689,49547,16,,,55121,38514,106061,15186,100252,20995,3
570,31,Perambalur,45,42,3,6609,6309,300,36323,17922,18399,2,,,15593,12172,44399,2461,36323,10537,7
435,25,Peren,8,8,0,800,800,0,7782,4752,3030,0,,,2773,1394,9759,0,7782,1977,0
443,25,Phek,5,5,0,750,750,0,12718,7734,4982,2,,,4539,2913,17442,0,12718,4724,3
411,22,Pherzawl,3,3,0,300,300,0,3741,1830,1911,0,,,1431,1046,4450,0,3741,709,0
680,34,Pilibhit,53,52,1,9840,9740,100,164249,88304,75921,24,,,76210,76515,175749,28544,164249,40044,15
706,35,Pithoragarh,35,35,0,6040,6040,0,97107,47835,49244,28,,,39151,33719,123320,2416,97107,28629,2
575,31,Poonamallee,24,24,0,5050,5050,0,58211,33139,25065,7,,,26438,19666,73573,4140,58211,19502,1
238,14,Poonch,65,65,0,9100,9100,0,98716,56055,42653,8,,,54534,35728,115649,0,98716,16933,2
172,11,Porbandar,38,37,1,4480,4380,100,150420,76873,73534,13,,,73831,59016,182666,43749,150420,75995,0
12,2,Prakasam,93,91,2,43800,43600,200,443469,231702,211709,58,,,212630,164763,485679,129186,443469,171396,28
522,29,Pratapgarh,44,44,0,21100,21100,0,135402,70679,64703,20,,,42834,48884,159934,2903,135402,27435,4
682,34,Pratapgarh,143,143,0,34320,34320,0,149096,81171,67894,31,,,70323,66145,175167,19554,149096,45625,5
624,34,Prayagraj,113,106,7,27283,26583,700,427333,255457,171765,111,,,151820,121366,475396,52457,427333,100520,11
475,27,Puducherry,41,40,1,8694,8594,100,157046,81254,75771,21,,,62786,48003,197940,0,157046,40894,4
546,31,Pudukkottai,52,50,2,10051,9851,200,53825,27794,26024,7,,,27867,17286,62259,7895,53825,16329,1
227,14,Pulwama,17,16,1,815,805,10,106001,65052,40937,12,,,52750,38598,127872,0,106001,21871,7
363,21,Pune,397,338,59,53993,36954,17039,2138425,1136164,1002008,253,,,995289,801453,2424608,272281,2138425,558464,99
732,36,Purba Medinipore,13,13,0,2600,2600,0,360990,192570,168388,32,,,148735,173362,493864,44022,360990,176896,423
463,26,Puri,2,0,2,200,0,200,247508,132618,114845,45,,,110956,107121,292964,0,247508,45456,6
73,5,Purnia,69,67,2,8590,8390,200,297109,157618,139417,74,,,116826,102165,329848,17181,297109,49920,3
733,36,Purulia,67,67,0,13430,13430,0,231851,135704,96124,23,,,96982,85362,267087,55782,231851,91018,8
681,34,Raebareli,39,39,0,4515,4515,0,129043,70234,58786,23,,,55861,57981,145908,11564,129043,28429,5
284,16,Raichur,156,156,0,15535,15535,0,186701,88019,98658,24,,,92297,72195,181969,63226,186701,58494,58
393,21,Raigad,227,207,20,33710,31090,2620,341656,190934,150689,33,,,159376,111501,375473,45562,341656,79379,40
130,7,Raigarh,135,134,1,24170,23970,200,376431,183804,192589,38,,,213299,137318,465671,18048,376431,107288,21
109,7,Raipur,69,61,8,9255,8455,800,383710,203685,180001,24,,,205928,115641,469214,32367,383710,117871,5
359,20,Raisen,26,26,0,3170,3170,0,118369,67230,51113,26,,,55304,41641,122228,16475,118369,20334,2
602,32,Rajanna Sircilla,16,16,0,3600,3600,0,105072,48952,56085,35,,,60358,39267,103315,13081,105072,11324,6
358,20,Rajgarh,32,32,0,4990,4990,0,140233,75375,64842,16,,,54359,60135,156103,10958,140233,26828,1
173,11,Rajkot,97,97,0,11966,11966,0,264437,137364,127054,19,,,128801,112055,343944,15297,264437,94804,50
775,11,Rajkot Corporation,137,130,7,24890,24190,700,437232,240981,196205,46,,,136796,104109,529454,35559,437232,127781,5
131,7,Rajnandgaon,133,126,7,14180,13480,700,298133,142606,155501,26,,,177170,100533,327785,11871,298133,41523,7
237,14,Rajouri,74,74,0,24200,24200,0,112377,65371,46995,11,,,56175,40315,135010,0,112377,22633,1
518,29,Rajsamand,60,60,0,14550,14550,0,223285,108551,114695,39,,,87654,105334,274384,8132,223285,59231,32
292,16,Ramanagara,112,111,1,12700,12600,100,214436,97739,116658,39,,,99353,97936,235428,30643,214436,51635,24
567,31,Ramanathapuram,31,31,0,13150,13150,0,32315,16293,16019,3,,,15090,9760,34983,6840,32315,9508,2
235,14,Ramban,58,58,0,8385,8385,0,68615,41174,27435,6,,,40435,20758,87061,0,68615,18446,1
254,15,Ramgarh,24,24,0,5980,5980,0,109066,61906,47144,16,,,48442,28984,118682,12311,109066,21927,23
683,34,Rampur,36,35,1,4200,4100,100,107849,57788,50051,10,,,53814,43208,119275,23469,107849,34895,48
734,36,Rampurhat HD (Birbhum),36,36,0,7390,7390,0,165956,87983,77950,23,,,72804,64062,193596,19011,165956,46651,3
240,15,Ranchi,89,76,13,12620,11120,1500,325815,184731,141048,36,,,137783,98446,343704,72147,325815,90036,317
603,32,Rangareddy,69,44,25,8933,5150,3783,349813,191444,158327,42,,,174774,122648,410812,51687,349813,112863,34
781,31,Ranipet,54,54,0,11280,11280,0,52783,30658,22119,6,,,25629,13586,57473,8961,52783,13651,1
322,20,Ratlam,14,12,2,2010,1660,350,141550,76227,65310,13,,,68060,48485,156570,18544,141550,33564,9
372,21,Ratnagiri,89,87,2,14460,14260,200,196623,106994,89616,13,,,74065,63470,191264,59500,196623,54141,24
471,26,Rayagada,27,26,1,4420,4320,100,119879,57347,62505,27,,,54925,52136,153418,0,119879,33539,14
239,14,Reasi,106,105,1,6840,6740,100,70788,41806,28972,10,,,38986,22826,84793,0,70788,14005,9
316,20,Rewa,21,21,0,2600,2600,0,301549,165828,135679,42,,,123865,131554,339012,16361,301549,53824,30
202,12,Rewari,10,10,0,1810,1810,0,173662,93007,80637,18,,,63196,72683,194452,16687,173662,37477,206
417,23,Ri-Bhoi,27,27,0,4530,4530,0,29767,16378,13386,3,,,12660,5019,33939,0,29767,4172,43
192,12,Rohtak,42,39,3,4226,3926,300,171910,91730,80152,28,,,61285,67533,182238,25296,171910,35624,64
81,5,Rohtas,64,63,1,13565,13465,100,220107,124606,95471,30,,,72110,88742,262656,2709,220107,45258,5
700,35,Rudraprayag,16,16,0,2100,2100,0,72060,33384,38650,26,,,27729,25051,89470,2297,72060,19707,5
497,28,Rup Nagar,46,46,0,6660,6660,0,64980,37861,27111,8,,,31943,22928,68628,8937,64980,12585,3
162,11,Sabarkantha,64,64,0,8020,8020,0,289739,150607,139077,55,,,134829,122704,372540,26576,289739,109377,11
317,20,Sagar,139,134,5,26800,26300,500,359678,195268,164370,40,,,174367,141025,361073,55166,359678,56561,9
684,34,Saharanpur,82,77,5,15650,15150,500,290259,163084,127101,74,,,120374,88624,317723,28058,290259,55522,14
71,5,Saharsa,133,132,1,18250,18150,100,160018,84879,75092,47,,,49365,74121,191332,0,160018,31314,3
260,15,Sahebganj,61,61,0,15000,15000,0,69841,36310,33525,6,,,22929,25305,78324,5930,69841,14413,1
545,31,Salem,123,112,11,31940,30840,1100,188366,101297,87046,23,,,83958,56556,211133,45650,188366,68417,1
96,5,Samastipur,88,87,1,13750,13650,100,333893,178586,155247,60,,,116723,130377,404263,7797,333893,78167,0
236,14,Samba,38,35,3,4910,4610,300,93653,52197,41429,27,,,48190,35180,114942,0,93653,21289,2
452,26,Sambalpur,102,98,4,19080,18680,400,210246,117457,92759,30,,,68243,61300,251998,0,210246,41752,1
685,34,Sambhal,39,39,0,6190,6190,0,92695,50604,42084,7,,,52568,32173,98541,17965,92695,23811,32
604,32,Sangareddy,20,16,4,7243,6803,440,132057,72998,59038,21,,,77542,39769,136014,27174,132057,31131,7
373,21,Sangli,224,209,15,90790,89290,1500,582613,297350,285199,64,,,267725,252446,645350,55464,582613,118201,33
498,28,Sangrur,39,36,3,7050,6750,300,119874,70813,49044,17,,,52743,41845,122285,15172,119874,17583,8
686,34,Sant Kabir Nagar,39,39,0,6362,6362,0,85512,46470,38753,289,,,39932,36615,97251,11183,85512,22922,1
102,5,Saran,60,60,0,10900,10900,0,371112,199732,171315,65,,,133841,142802,433773,17898,371112,80559,10
496,28,SAS Nagar,80,57,23,36020,33260,2760,349190,213669,135487,34,,,92324,70070,353318,41730,349190,45858,5
376,21,Satara,90,71,19,14641,12241,2400,612127,315856,296210,61,,,280805,259313,656298,68452,612127,112623,10
333,20,Satna,20,19,1,2450,2350,100,217551,120371,97156,24,,,101840,80043,243440,14674,217551,40563,2
534,29,Sawai Madhopur,66,66,0,18980,18980,0,227157,122171,104957,29,,,80897,103015,267649,10796,227157,51288,3
500,28,SBS Nagar,41,41,0,7650,7650,0,114485,60256,54214,15,,,51965,45481,116082,15768,114485,17365,2
356,20,Sehore,49,49,0,8760,8760,0,183607,98416,85171,20,,,78178,79090,204637,14848,183607,35878,8
403,22,Senapati,8,8,0,1160,1160,0,6263,4164,2099,0,,,2161,895,8841,0,6263,2578,0
349,20,Seoni,8,8,0,800,800,0,131419,67365,64038,16,,,53150,57956,145786,14826,131419,29193,13
618,33,Sepahijala,31,31,0,3100,3100,0,124088,65039,59030,19,,,72780,40404,174253,296,124088,50461,15
248,15,Seraikela Kharsawan,17,15,2,1850,1650,200,114469,62418,52044,7,,,47088,41409,124153,12449,114469,22133,32
430,24,Serchhip,3,3,0,400,400,0,16704,9298,7403,3,,,7953,5368,21022,0,16704,4318,19
148,9,Shahdara,30,26,4,6065,5665,400,300933,170494,130367,72,,,113061,74926,286105,86464,300933,71636,127
332,20,Shahdol,10,9,1,1085,925,160,145842,76866,68961,15,,,75287,50148,158542,4909,145842,17609,1
688,34,Shahjahanpur,100,98,2,15580,15380,200,210188,122774,87354,60,,,89211,64085,236129,17514,210188,43455,10
321,20,Shajapur,0,0,0,0,0,0,97390,54502,42872,16,,,42537,39252,107069,10042,97390,19721,3
689,34,Shamli,21,20,1,4880,4780,100,89031,51048,37959,24,,,46288,35025,95418,15845,89031,22232,9
93,5,Sheikhpura,15,15,0,3860,3860,0,53594,28032,25553,9,,,17668,23285,67084,0,53594,13490,0
87,5,Sheohar,19,19,0,4250,4250,0,67515,35291,32215,9,,,21286,33689,79940,0,67515,12425,0
346,20,Sheopur,0,0,0,0,0,0,54364,28362,25996,6,,,25207,17652,57432,7371,54364,10439,2
35,3,Shi Yomi,1,1,0,250,250,0,2617,1293,1324,0,,,1248,670,4046,0,2617,1429,0
208,13,Shimla,58,58,0,6040,6040,0,241947,126068,115834,45,,,127679,85361,295541,0,241947,53594,82
287,16,Shimoga,146,140,6,18460,17760,700,269738,134263,135458,17,,,127704,108410,311719,21576,269738,63557,78
345,20,Shivpuri,3,3,0,500,500,0,142154,78473,63663,18,,,62684,52441,154290,15157,142154,27293,7
222,14,Shopian,3,3,0,520,520,0,68357,38957,29391,9,,,40262,23683,78919,0,68357,10562,1
690,34,Shravasti,61,60,1,13940,13840,100,59968,34565,25399,4,,,30640,23058,63110,12154,59968,15296,2
433,24,Siaha,2,2,0,330,330,0,10220,5177,5042,1,,,5261,3481,12860,0,10220,2640,77
37,3,Siang,2,2,0,200,200,0,5284,2675,2608,1,,,2671,1425,6858,0,5284,1574,0
691,34,Siddharthnagar,117,116,1,26644,26544,100,180725,96638,84062,25,,,88081,78049,203380,19002,180725,41657,5
605,32,Siddipet,39,38,1,7500,7300,200,200248,90816,109376,56,,,105880,81556,186321,39917,200248,25990,15
331,20,Sidhi,0,0,0,0,0,0,90853,49406,41439,8,,,35596,39894,97176,7111,90853,13434,8
513,29,Sikar,34,34,0,6925,6925,0,543090,277739,265290,61,,,211405,217607,606147,33269,543090,96326,10
249,15,Simdega,73,73,0,8050,8050,0,61591,28668,32912,11,,,22824,23239,68093,3254,61591,9756,6
374,21,Sindhudurg,25,23,2,3870,3670,200,147301,75145,72135,21,,,58124,65143,146330,39991,147301,39020,4
330,20,Singrauli,2,2,0,200,200,0,96804,56639,40153,12,,,39011,41342,107178,4193,96804,14567,3
212,13,Sirmaur,34,33,1,5300,5200,100,100811,53745,47057,9,,,51694,35039,124687,0,100811,23876,10
531,29,Sirohi,64,64,0,13950,13950,0,185439,95885,89529,25,,,83099,72828,210891,9886,185439,35338,12
194,12,Sirsa,45,44,1,5335,5235,100,209505,107957,101501,47,,,72607,96386,236258,25513,209505,52266,0
88,5,Sitamarhi,43,42,1,6550,6450,100,236185,126833,109326,26,,,76668,99951,280004,0,236185,43819,3
692,34,Sitapur,103,102,1,12870,12770,100,215038,123775,91230,33,,,102890,90096,237720,27435,215038,50117,11
561,31,Sivaganga,81,77,4,11358,10652,706,67181,36301,30872,8,,,27382,22049,76677,11278,67181,20774,5
580,31,Sivakasi,27,22,5,10210,9710,500,97591,46830,50746,15,,,48220,32505,126851,3467,97591,32727,1
44,4,Sivasagar,7,7,0,360,360,0,79422,42842,36572,8,,,41387,24285,85479,15713,79422,21770,4
103,5,Siwan,49,47,2,8740,8540,200,346540,180562,165908,70,,,139282,137666,413487,13402,346540,80349,1
209,13,Solan,47,43,4,5770,5370,400,149667,84795,64857,15,,,84599,43683,173101,0,149667,23434,100
375,21,Solapur,108,101,7,23805,22805,1000,410204,229071,181079,54,,,177710,153581,501572,11420,410204,102788,15
693,34,Sonbhadra,24,23,1,4095,3895,200,89133,55327,33799,7,,,50125,26790,93629,19887,89133,24383,13
198,12,Sonipat,43,40,3,6976,6676,300,270858,144763,126048,47,,,106181,97922,267013,60357,270858,56512,9
64,4,Sonitpur,55,55,0,7720,7720,0,130879,69644,61219,16,,,62986,34620,36314,144048,130879,49483,9
735,36,South 24 Parganas,62,61,1,11340,11240,100,515089,269016,245991,82,,,226210,208922,674906,43443,515089,203260,22
2,1,South Andaman,16,16,0,2185,2185,0,65636,35699,29931,6,,,37583,16908,75609,0,65636,9973,2
149,9,South Delhi,69,34,35,14520,5445,9075,407895,242324,165492,79,,,146755,90029,373268,166302,407895,131675,151
144,9,South East Delhi,63,32,31,15530,4000,11530,367508,218126,149338,44,,,138076,80906,301744,171919,367508,106155,36
421,23,South Garo Hills,18,18,0,2620,2620,0,14569,7805,6763,1,,,7599,2444,18188,0,14569,3619,2
152,10,South Goa,44,34,10,9319,8319,1000,217388,109817,107553,18,,,95658,79329,266506,270,217388,49388,153
768,4,South Salmara Mankachar,12,12,0,2340,2340,0,11819,7806,4013,0,,,5019,1699,12513,2410,11819,3104,0
538,30,South Sikkim,9,9,0,1850,1850,0,40622,21907,18707,8,,,22260,15139,55210,0,40622,14588,47
619,33,South Tripura,71,71,0,7100,7100,0,139144,71881,67244,19,,,80860,45628,222999,0,139144,83855,8
150,9,South West Delhi,64,44,20,11522,6950,4572,414218,233642,180501,75,,,180206,123941,413454,113884,414218,113120,99
422,23,South West Garo Hills,35,35,0,5400,5400,0,23575,11375,12192,8,,,13086,6179,27957,0,23575,4382,15
415,23,South West Khasi Hills,1,1,0,100,100,0,11648,6007,5640,1,,,4099,2342,13005,0,11648,1357,10
509,29,Sri Ganganagar,39,37,2,6490,6290,200,376891,197246,179594,51,,,168273,152609,437356,30590,376891,91055,17
490,28,Sri Muktsar Sahib,73,71,2,8550,8350,200,80731,46798,33923,10,,,33139,29981,81367,10893,80731,11529,2
13,2,Sri Potti Sriramulu Nellore,96,94,2,63722,62000,1722,413489,207156,206239,94,,,200933,144462,535350,65834,413489,187695,23
14,2,Srikakulam,48,48,0,16300,16300,0,322977,158906,164042,29,,,144509,126990,367348,80954,322977,125325,24
220,14,Srinagar,55,49,6,22540,21840,700,190115,129308,60774,33,,,84386,43560,209524,17466,190115,36875,23
466,26,Subarnapur,4,4,0,505,505,0,75981,39350,36627,4,,,31362,38524,96548,0,75981,20567,6
132,7,Sukma,18,18,0,2000,2000,0,70338,39599,30727,12,,,35056,14066,93177,1627,70338,24466,8
694,34,Sultanpur,23,22,1,2930,2830,100,148730,81011,67702,17,,,70428,63757,176183,18970,148730,46423,25
453,26,Sundargarh,44,40,4,3860,3380,480,311127,165741,145332,54,,,129119,89176,363242,0,311127,52115,30
72,5,Supaul,24,24,0,4650,4650,0,159854,88077,71744,33,,,57305,65401,182627,0,159854,22773,0
133,7,Surajpur,101,101,0,21400,21400,0,174963,85439,89495,29,,,107030,55034,189333,9537,174963,23907,8
165,11,Surat,82,82,0,9845,9845,0,221030,121918,99098,14,,,114783,70428,298805,17081,221030,94856,97
776,11,Surat Corporation,149,146,3,26980,26180,800,959888,565388,394403,97,,,402120,215152,1141695,90326,959888,272133,49
157,11,Surendranagar,59,58,1,7150,7050,100,171745,89787,81922,36,,,80590,73915,175378,53583,171745,57216,1
134,7,Surguja,153,153,0,16305,16305,0,227691,109205,118449,37,,,136287,74915,262311,7904,227691,42524,20
606,32,Suryapet,23,23,0,2600,2600,0,123271,60283,62950,38,,,61790,51931,132750,18620,123271,28099,15
404,22,Tamenglong,5,5,0,811,811,0,6431,4076,2355,0,,,2456,1160,8332,0,6431,1901,7
166,11,Tapi,23,23,0,2990,2990,0,139032,70919,68100,13,,,74570,49679,163650,9490,139032,34108,5
495,28,Tarn Taran,125,124,1,19685,19615,70,100496,56223,44261,12,,,44404,38508,108632,9065,100496,17201,6
30,3,Tawang,2,2,0,200,200,0,11023,6007,5012,4,,,4618,2473,15261,0,11023,4238,5
701,35,Tehri Garhwal,31,31,0,9360,9360,0,129514,59868,69626,20,,,55071,52924,168460,2171,129514,41117,4
407,22,Tengnoupal,8,8,0,930,930,0,7166,4879,2286,1,,,2526,897,9913,0,7166,2747,1
551,31,Tenkasi,63,61,2,14850,14650,200,60007,29954,30041,12,,,25904,18417,75754,4320,60007,20067,0
392,21,Thane,143,104,39,31049,17487,13562,1261985,678779,583037,169,,,605217,429132,1445613,173370,1261985,356998,1861
541,31,Thanjavur,110,99,11,20570,19370,1200,129361,70662,58683,16,,,59342,42909,155230,20856,129361,46725,2
569,31,Theni,34,23,11,8100,7000,1100,56111,30444,25656,11,,,23957,20237,65757,9231,56111,18877,1
296,17,Thiruvananthapuram,67,56,11,14357,13257,1100,783937,361594,422243,100,,,301108,378675,960041,82868,783937,258972,106
554,31,Thoothukudi (Tuticorin),44,43,1,7325,7225,100,48546,26914,21626,6,,,21133,14654,53360,11184,48546,15998,0
405,22,Thoubal,16,16,0,2400,2400,0,38826,20749,18075,2,,,17865,10555,44715,0,38826,5889,0
303,17,Thrissur,66,63,3,5340,5040,300,637988,288750,349140,98,,,254989,323286,752914,45644,637988,160570,223
325,20,Tikamgarh,0,0,0,0,0,0,126958,70143,56798,17,,,50828,55552,115298,29424,126958,17764,8
45,4,Tinsukia,2,2,0,100,100,0,102368,55034,47322,12,,,49883,28408,117500,7745,102368,22877,3
26,3,Tirap,2,2,0,250,250,0,6817,4346,2470,1,,,2746,965,9362,0,6817,2545,15
560,31,Tiruchirappalli,107,77,30,40215,36850,3365,210896,108037,102841,18,,,90995,78281,252533,23655,210896,65292,8
548,31,Tirunelveli,65,65,0,12770,12770,0,73620,42129,31486,5,,,29011,24516,84447,16329,73620,27156,2
550,31,Tirupattur,44,44,0,14900,14900,0,71345,34496,36836,13,,,35034,20233,81690,9305,71345,19650,2
568,31,Tiruppur,67,58,9,21636,20736,900,146477,81606,64850,21,,,63359,47201,164132,22364,146477,40019,3
572,31,Tiruvallur,50,48,2,11800,11150,650,126772,72270,54484,18,,,58894,33006,144733,25114,126772,43075,3
553,31,Tiruvannamalai,24,23,1,4612,4512,100,54780,29795,24974,11,,,25193,16279,63735,8521,54780,17476,0
574,31,Tiruvarur,62,59,3,12120,11820,300,44476,26707,17765,4,,,19541,14022,50102,9668,44476,15294,1
526,29,Tonk,66,66,0,19655,19655,0,219384,114677,104676,31,,,88791,98283,227954,37311,219384,45881,13
440,25,Tuensang,4,4,0,800,800,0,12527,7923,4604,0,,,5174,2573,15936,0,12527,3409,0
288,16,Tumkur,180,177,3,40824,40524,300,413792,208185,205539,68,,,195363,177161,500879,24785,413792,111872,2
504,29,Udaipur,134,129,5,24362,23862,500,528308,271576,256659,73,,,202004,208983,606471,48727,528308,126890,28
65,4,Udalguri,21,21,0,2300,2300,0,59382,32645,26726,11,,,30909,12879,70171,4808,59382,15597,5
705,35,Udham Singh Nagar,54,43,11,16620,15320,1300,227521,126758,100717,46,,,99071,73740,284939,4592,227521,62010,20
233,14,Udhampur,62,62,0,13660,13660,0,128947,72443,56481,23,,,64935,45483,157055,0,128947,28108,11
286,16,Udupi,171,161,10,58841,57441,1400,229263,105969,123267,27,,,91628,103454,259554,44138,229263,74429,41
318,20,Ujjain,84,80,4,11250,10700,550,336897,178703,158152,42,,,156918,115917,350175,56456,336897,69734,73
406,22,Ukhrul,4,4,0,625,625,0,7833,4996,2837,0,,,2934,1521,10041,0,7833,2208,0
329,20,Umaria,31,31,0,3350,3350,0,57293,31357,25920,16,,,26546,20446,62647,2610,57293,7964,2
218,13,Una,21,21,0,3090,3090,0,158347,78517,79788,42,,,78684,67032,196800,0,158347,38453,14
620,33,Unakoti,3,3,0,350,350,0,65394,33129,32257,8,,,38032,21990,91167,0,65394,25773,4
695,34,Unnao,82,82,0,9670,9670,0,182497,99258,83213,26,,,93213,75035,193056,29104,182497,39663,3
34,3,Upper Siang,0,0,0,0,0,0,7756,4071,3684,1,,,3486,2069,10422,0,7756,2666,23
41,3,Upper Subansiri,5,5,0,1440,1440,0,11230,5824,5405,1,,,6476,1524,14320,0,11230,3090,0
736,36,Uttar Dinajpur,24,24,0,7100,7100,0,192210,106548,85638,24,,,86390,66929,234624,34296,192210,76710,19
281,16,Uttar Kannada,55,52,3,9150,8850,300,235725,114635,121066,24,,,101665,105864,277620,20491,235725,62386,21
703,35,Uttarkashi,23,23,0,6700,6700,0,95178,48150,47012,16,,,39809,34349,137519,2352,95178,44693,7
155,11,Vadodara,97,95,2,11780,11460,320,316296,172285,143974,37,,,144802,117276,386383,22185,316296,92272,64
777,11,Vadodara Corporation,164,146,18,30892,29092,1800,583975,308442,275471,62,,,180104,164572,721317,40924,583975,178266,52
89,5,Vaishali,70,67,3,16650,16350,300,273597,143993,129569,35,,,91394,124380,295414,31078,273597,52895,8
167,11,Valsad,70,70,0,11859,11859,0,277030,147562,129436,32,,,142603,98542,303509,96910,277030,123389,7
696,34,Varanasi,133,126,7,23110,22360,750,376381,225245,151059,77,,,149433,107915,393255,73968,376381,90842,27
543,31,Vellore,55,55,0,9520,9520,0,148752,78326,70417,9,,,63845,41161,148472,48053,148752,47773,5
355,20,Vidisha,18,18,0,2080,2080,0,151719,82534,69170,15,,,54884,73671,171991,9796,151719,30068,12
293,16,Vijayapura,329,327,2,34630,34430,200,264425,131519,132861,45,,,132430,100411,275701,51737,264425,63013,0
607,32,Vikarabad,27,26,1,4450,4350,100,61250,31107,30133,10,,,32765,20889,75089,1471,61250,15310,2
542,31,Viluppuram,93,92,1,19706,19606,100,110425,57351,53042,32,,,55606,32710,132259,9680,110425,31514,0
549,31,Virudhunagar,27,25,2,5280,5080,200,83586,37910,45663,13,,,41126,25440,105841,7520,83586,29775,0
8,2,Visakhapatnam,178,175,3,92135,91010,1125,549790,290117,259611,62,,,258706,168210,607897,157620,549790,215817,14
15,2,Vizianagaram,56,56,0,8800,8800,0,269487,131538,137925,24,,,130527,97641,300503,73353,269487,104369,7
608,32,Wanaparthy,15,15,0,1760,1760,0,50226,24381,25833,12,,,26444,19743,56525,5583,50226,11882,2
609,32,Warangal(Rural),20,20,0,2100,2100,0,52796,26773,25999,24,,,28294,20251,53555,9822,52796,10581,8
610,32,Warangal(Urban),38,36,2,8120,7750,370,172317,91011,81265,41,,,91822,56266,178752,47332,172317,53767,8
377,21,Wardha,51,50,1,11900,11800,100,222120,115189,106919,12,,,96139,96334,238549,38254,222120,54683,167
369,21,Washim,72,69,3,20550,20250,300,173337,93064,80254,19,,,78638,72721,145668,72873,173337,45204,9
299,17,Wayanad,12,12,0,1395,1395,0,219810,102911,116869,30,,,101613,96280,276175,20474,219810,76839,116
737,36,West Bardhaman,75,68,7,14508,13708,800,250901,151630,99239,32,,,111476,89817,316209,27408,250901,92716,10
106,5,West Champaran,47,47,0,6400,6400,0,228357,133543,94765,49,,,78915,78099,263409,0,228357,35052,9
142,9,West Delhi,99,90,9,11875,10875,1000,479584,267665,211771,148,,,200507,145892,422152,204853,479584,147421,92
420,23,West Garo Hills,63,62,1,8060,7960,100,67136,33416,33713,7,,,35358,18221,83326,0,67136,16190,35
16,2,West Godavari,97,96,1,57550,57450,100,423284,214115,209116,53,,,192261,169975,473318,135347,423284,185381,16
416,23,West Jaintia Hills,22,21,1,4300,4100,200,31827,14815,17011,1,,,12941,5845,36953,0,31827,5126,49
28,3,West Kameng,3,3,0,300,300,0,17745,10433,7311,1,,,8214,3775,24437,0,17745,6692,1
769,4,West Karbi Anglong,19,19,0,3260,3260,0,20615,12001,8611,3,,,9711,3655,24165,2956,20615,6506,0
419,23,West Khasi Hills,42,42,0,6560,6560,0,33800,16336,17463,1,,,13943,7063,39371,0,33800,5571,9
38,3,West Siang,1,1,0,100,100,0,13403,7099,6302,2,,,6621,3449,17521,0,13403,4118,6
536,30,West Sikkim,11,11,0,2200,2200,0,35201,19116,16082,3,,,18921,12314,46928,0,35201,11727,28
263,15,West Singhbhum,53,51,2,6390,6190,200,145130,73326,71774,30,,,68200,43189,163388,16004,145130,34262,4
621,33,West Tripura,62,61,1,12700,12600,100,361783,186662,175066,55,,,175034,98831,499308,14778,361783,152303,24
436,25,Wokha,8,8,0,1800,1800,0,15045,7780,7261,4,,,5994,4259,18831,0,15045,3786,1
611,32,Yadadri Bhuvanagiri,24,24,0,6250,6250,0,163382,77058,86278,46,,,91942,62911,141840,41015,163382,19473,4
285,16,Yadgir,386,384,2,96310,96110,200,138193,63579,74601,13,,,73417,52517,155307,16777,138193,33891,12
197,12,Yamunanagar,18,14,4,3300,2900,400,209953,110348,99573,32,,,79971,85979,221322,30462,209953,41831,26
478,27,Yanam,4,4,0,500,500,0,6767,3679,3088,0,,,3297,2132,8435,74,6767,1742,5
368,21,Yavatmal,145,130,15,27200,25700,1500,317215,175929,141237,49,,,144478,110468,336055,51426,317215,70266,158
6,2,"YSR District, Kadapa (Cuddapah)",128,128,0,73080,73080,0,391220,196863,194290,67,,,187331,151725,473108,83571,391220,165459,4
442,25,Zunheboto,12,12,0,2690,2690,0,10476,6043,4433,0,,,4327,3109,13369,0,10476,2893,10
