district_id,state_id,district_name,sites_total,sites_govt,sites_pvt,sessions_total,sessions_govt,sessions_pvt,total_vaccination,male_vaccination,female_vaccination,other_vaccination,18_45_vaccination,45_60_vaccination,60+_vaccination,covishield,covaxin,dose1,dose2,aefi
582,32,Adilabad,16,16,0,9000,9000,0,54430,29276,25146,8,9925,27802,16699,60243,10337,54430,16150,2
320,20,Agar,22,22,0,3560,3560,0,67713,38728,28972,13,26269,22352,19030,73542,3811,67713,9640,5
622,34,Agra,172,171,1,20990,20330,660,466396,277055,189228,113,196906,154973,114370,509863,45189,466396,88656,46
154,11,Ahmedabad,58,54,4,11932,10380,1552,409409,224590,184752,67,52090,205164,152103,447559,54511,409409,92661,23
770,11,Ahmedabad Corporation,229,210,19,51920,44515,7405,1755174,982952,772005,217,875161,507290,372330,2097755,65666,1755174,408247,94
391,21,Ahmednagar,52,51,1,6628,6348,280,570888,314294,256538,56,89853,242664,238134,600976,123032,570888,153120,7
425,24,Aizawl East,3,3,0,905,905,0,76794,39720,37072,2,21503,33698,21585,89936,0,76794,13142,35
426,24,Aizawl West,2,2,0,740,740,0,52090,24641,27445,4,13075,24974,14037,59826,0,52090,7736,11
507,29,Ajmer,102,102,0,20800,20800,0,622621,313375,309148,98,119289,264762,238429,683141,103541,622621,164061,14
364,21,Akola,63,62,1,6436,6136,300,261080,139621,121419,40,36413,119895,104624,267246,63431,261080,69597,1
301,17,Alappuzha,68,67,1,9571,9561,10,543394,251760,291555,79,68279,202695,272223,625929,63316,543394,145851,134
623,34,Aligarh,82,82,0,13399,13399,0,332184,195425,136675,84,151338,102398,78369,332022,66231,332184,66069,24
710,36,Alipurduar District,26,26,0,10905,10905,0,221825,127804,93978,43,58863,88511,74433,243544,44045,221825,65764,19
357,20,Alirajpur,43,43,0,7800,7800,0,67159,34427,32723,9,21841,28777,16527,72987,5261,67159,11089,1
704,35,Almora,50,50,0,7915,7915,0,163843,75989,87822,32,29520,66148,68156,193757,14681,163843,44595,8
512,29,Alwar,193,192,1,19465,19365,100,915634,484112,431379,143,176605,391444,347413,1054783,59262,915634,198411,26
193,12,Ambala,45,45,0,25649,25649,0,344228,183234,160915,79,122897,125021,96020,355603,82494,344228,93869,28
625,34,Ambedkar Nagar,63,63,0,13070,13070,0,130056,75490,54543,23,22598,62728,44656,141156,22808,130056,33908,3
626,34,Amethi,76,76,0,15550,15550,0,150581,80976,69576,29,16596,76147,57786,155650,33538,150581,38607,0
366,21,Amravati,63,63,0,13570,13570,0,389190,208987,180157,46,60584,169072,159374,402919,107348,389190,121077,245
174,11,Amreli,38,38,0,7960,7960,0,271191,137772,133386,33,29986,117163,123995,250298,124748,271191,103855,5
485,28,Amritsar,142,139,3,26730,25430,1300,316142,176362,139752,28,75728,133697,106662,349871,39405,316142,73134,35
627,34,Amroha,76,76,0,21100,21100,0,115322,65203,50102,17,16351,56029,42910,120435,22654,115322,27767,7
179,11,Anand,61,61,0,13045,13045,0,449102,226203,222848,51,61409,210663,176976,540888,59710,449102,151496,8
9,2,Anantapur,32,32,0,3800,3800,0,629600,320233,309123,244,74553,317755,237232,718556,105926,629600,194882,13
224,14,Anantnag,117,117,0,49972,49972,0,204653,120309,84308,36,39517,101511,63608,228053,0,204653,23400,3
445,26,Angul,30,30,0,20140,20140,0,150078,88520,61540,18,13866,82807,53391,179484,0,150078,29406,2
22,3,Anjaw,2,2,0,200,200,0,3980,2133,1847,0,1495,1811,671,5232,0,3980,1252,4
334,20,Anuppur,34,34,0,3446,3446,0,88081,48285,39781,15,29625,34890,23559,85545,12731,88081,10195,8
779,31,Aranthangi,4,4,0,500,500,0,55022,29598,25413,11,18272,24085,12661,57623,6947,55022,9548,0
74,5,Araria,49,49,0,46360,46360,0,203624,112645,90942,37,57061,69706,76807,231889,72,203624,28337,6
158,11,Aravalli,30,30,0,6000,6000,0,259208,131363,127799,46,32790,112688,113703,260971,108012,259208,109775,26
555,31,Ariyalur,9,9,0,6830,6830,0,67441,39727,27705,9,28389,24613,14408,73178,7859,67441,13596,0
78,5,Arwal,17,17,0,3040,3040,0,51242,28150,23076,16,15679,16550,18996,63870,0,51242,12628,1
354,20,Ashoknagar,93,93,0,9770,9770,0,108784,62351,46415,18,33727,41252,33795,106725,18452,108784,16393,7
578,31,Attur,28,28,0,14400,14400,0,154486,73275,81190,21,35996,78228,40240,179428,15628,154486,40570,3
628,34,Auraiya,58,57,1,9401,8851,550,82381,48938,33436,7,13248,38695,30302,97274,10832,82381,25725,59
77,5,Aurangabad,83,83,0,10530,10530,0,171409,99299,72066,44,54171,64075,53132,198017,3418,171409,30026,1
397,21,Aurangabad,100,92,8,14785,12700,2085,502476,282030,220277,169,110143,223521,168738,584728,45553,502476,127805,12
646,34,Ayodhya,93,93,0,10180,10180,0,196456,117423,78964,69,87233,62545,46598,217269,23560,196456,44373,8
629,34,Azamgarh,88,88,0,26080,26080,0,313702,181734,131872,96,114025,105911,93708,307665,60415,313702,54378,11
630,34,Badaun,128,128,0,12990,12990,0,206287,111308,94944,35,22605,92822,90830,225416,23253,206287,42382,33
270,16,Bagalkot,234,234,0,55030,55030,0,311883,152711,159135,37,47334,163621,100895,297695,97315,311883,83127,2
707,35,Bageshwar,43,43,0,4910,4910,0,85064,40639,44403,22,22134,32635,30260,109542,2349,85064,26827,15
631,34,Baghpat,117,117,0,13195,13195,0,183433,98290,85105,38,14011,104999,64409,199652,14532,183433,30751,10
632,34,Bahraich,93,93,0,19307,19307,0,282284,157090,125163,31,30266,145801,106168,306738,39918,282284,64372,3
46,4,Baksa,17,17,0,2560,2560,0,64865,35362,29493,10,15879,35315,13665,67698,10436,64865,13269,0
338,20,Balaghat,40,40,0,8995,8995,0,244060,127952,116074,34,75487,83518,85012,253956,29751,244060,39647,4
448,26,Balangir,64,64,0,8810,8810,0,152507,81801,70688,18,17376,73202,61924,193652,0,152507,41145,11
633,34,Balarampur,178,178,0,33720,33720,0,208123,116162,91933,28,18830,109854,79394,223348,31921,208123,47146,7
447,26,Balasore,0,0,0,0,0,0,397416,209190,188173,53,18157,203061,176184,488113,0,397416,90697,4
634,34,Ballia,85,85,0,11000,11000,0,179373,103152,76153,68,21801,79148,78349,194086,35429,179373,50142,4
110,7,Balod,42,42,0,29580,29580,0,174886,83342,91523,21,9629,99273,65979,205809,3349,174886,34272,33
111,7,Baloda bazar,18,18,0,1800,1800,0,194229,91397,102825,7,9952,110369,73802,221422,2540,194229,29733,36
112,7,Balrampur,57,57,0,8550,8550,0,138961,69143,69802,16,12177,83791,42989,155551,3359,138961,19949,42
159,11,Banaskantha,66,66,0,13525,13525,0,698073,378532,319408,133,66765,391396,239648,755765,116941,698073,174633,22
635,34,Banda,61,61,0,10681,10681,0,128249,77760,50456,33,41617,48815,37801,138675,12232,128249,22658,22
223,14,Bandipore,61,61,0,12200,12200,0,88065,53176,34878,11,7680,55338,25042,99803,0,88065,11738,6
276,16,Bangalore Rural,105,104,1,17450,16650,800,212922,118738,94119,65,54615,92609,65668,241887,21204,212922,50169,23
265,16,Bangalore Urban,120,112,8,47385,36965,10420,386520,213456,173007,57,155943,141210,89139,443104,34316,386520,90900,14
83,5,Banka,30,30,0,2830,2830,0,174156,91030,83092,34,45267,62596,66249,206803,4912,174156,37559,0
711,36,Bankura,39,39,0,11447,11447,0,293638,176746,116869,23,82441,108358,102792,350740,66139,293638,123241,19
519,29,Banswara,59,59,0,9815,9815,0,339595,167254,172268,73,51483,165124,122906,398226,18124,339595,76755,17
636,34,Barabanki,106,105,1,17360,16960,400,228768,131195,97536,37,30021,114385,84318,251910,26602,228768,49744,34
225,14,Baramulla,73,73,0,12800,12800,0,254609,148331,106162,116,43983,130573,80041,301945,0,254609,47336,4
516,29,Baran,15,15,0,2150,2150,0,236945,124445,112462,38,40433,95985,100491,286583,12932,236945,62570,7
637,34,Bareilly,147,146,1,18591,18001,590,469190,269814,199221,155,205367,161000,102567,502959,62373,469190,96142,23
472,26,Bargarh,35,35,0,5850,5850,0,216088,114249,101801,38,35268,99434,81369,258084,0,216088,41996,11
528,29,Barmer,167,167,0,38500,38500,0,512337,279175,233100,62,70950,228461,212864,569143,52905,512337,109711,18
483,28,Barnala,43,43,0,13550,13550,0,64154,37449,26699,6,15467,25959,22721,64757,11263,64154,11866,1
47,4,Barpeta,32,32,0,2890,2890,0,161434,84551,76862,21,31065,84148,46213,33398,196599,161434,68563,16
343,20,Barwani,39,39,0,7867,7867,0,107865,58544,49302,19,44615,36670,26558,119151,10134,107865,21420,4
712,36,Basirhat HD (North 24 Parganas),96,94,2,36313,36045,268,304306,162948,141330,28,59731,134339,110225,350609,55114,304306,101417,1
113,7,Bastar,40,40,0,6240,6240,0,160431,76365,84055,11,22414,89792,48211,190818,5896,160431,36283,37
638,34,Basti,47,47,0,10205,10205,0,227736,134710,92973,53,67381,83424,76890,253894,12154,227736,38312,13
493,28,Bathinda,27,26,1,8760,7760,1000,136134,82496,53617,21,46007,51893,38222,147024,17479,136134,28369,5
294,16,BBMP,448,308,140,369741,90769,278972,2933316,1594299,1338557,460,1312129,927059,689992,3125272,425186,2933316,617932,448
384,21,Beed,78,78,0,26104,26104,0,317536,173550,143933,53,46842,126803,143804,346373,54999,317536,83836,12
98,5,Begusarai,30,30,0,4575,4575,0,287301,154956,132303,42,80224,97577,109420,337326,0,287301,50025,3
264,16,Belgaum,227,227,0,50816,50816,0,644428,318291,326035,102,91260,296826,256199,756745,26724,644428,139041,67
274,16,Bellary,109,108,1,21079,16779,4300,478467,246367,232027,73,77764,248253,152387,522447,77289,478467,121269,55
114,7,Bemetara,127,127,0,29200,29200,0,98407,48188,50205,14,6255,54952,37193,111784,3294,98407,16671,20
362,20,Betul,45,45,0,14285,14285,0,205092,112225,92842,25,57580,79825,67632,215371,27727,205092,38006,10
687,34,Bhadohi,44,44,0,5821,5821,0,126662,69285,57344,33,14780,64777,47083,136809,17708,126662,27855,9
583,32,Bhadradri Kothagudem,50,48,2,7172,6772,400,124919,67337,57566,16,18634,72480,33790,135068,32117,124919,42266,8
454,26,Bhadrak,26,25,1,7890,7390,500,204294,110239,94016,39,12500,94278,97462,249333,0,204294,45039,15
82,5,Bhagalpur,85,85,0,8960,8960,0,319045,173430,145561,54,98461,95097,125453,355974,22877,319045,59806,14
370,21,Bhandara,118,118,0,25100,25100,0,223030,110437,112574,19,29262,92128,101635,140801,159700,223030,77471,3
508,29,Bharatpur,125,125,0,19480,19480,0,499551,268504,230957,90,102342,190676,206482,559561,22587,499551,82597,17
180,11,Bharuch,49,45,4,15170,14350,820,364660,203266,161342,52,122702,148678,93202,428806,41010,364660,105156,54
175,11,Bhavnagar,47,47,0,14300,14300,0,294646,161270,133339,37,59765,133641,101176,349076,28426,294646,82856,7
771,11,Bhavnagar Corporation,30,30,0,6000,6000,0,194311,105897,88390,24,94812,56017,43304,250000,8987,194311,64676,2
523,29,Bhilwara,140,139,1,29071,28071,1000,504336,254530,249705,101,105188,190976,208049,566024,24456,504336,86144,8
351,20,Bhind,39,39,0,16170,16170,0,191229,113894,77280,55,59967,67673,63524,198491,20737,191229,27999,20
200,12,Bhiwani,127,127,0,15900,15900,0,197436,103717,93686,33,48938,69102,79344,202672,25196,197436,30432,4
99,5,Bhojpur,27,27,0,7930,7930,0,219725,124994,94701,30,66366,73857,79350,263863,0,219725,44138,9
312,20,Bhopal,211,210,1,44770,44370,400,809920,455528,354225,167,406150,247796,155640,838064,126271,809920,154415,184
272,16,Bidar,211,211,0,97122,97122,0,296958,155509,141411,38,87075,122279,87566,340605,30897,296958,74544,20
115,7,Bijapur,50,50,0,6000,6000,0,53401,30946,22445,10,17214,27618,8566,70361,1880,53401,18840,24
639,34,Bijnour,120,120,0,24270,24270,0,257532,139280,118215,37,27612,139897,89878,278598,43691,257532,64757,46
501,29,Bikaner,92,92,0,12090,12090,0,536913,290590,246236,87,124156,234974,177688,622223,72267,536913,157577,13
116,7,Bilaspur,103,102,1,22350,22340,10,344378,167831,176494,53,30436,193677,120233,407149,12876,344378,75647,31
219,13,Bilaspur,2,2,0,400,400,0,137297,67163,70113,21,13604,64908,58770,172551,0,137297,35254,20
713,36,Birbhum,63,63,0,14773,14773,0,289518,159723,129749,46,64925,132398,92159,334539,42203,289518,87224,4
398,22,Bishnupur,9,9,0,1080,1080,0,35074,18710,16355,9,10556,14540,9958,39327,0,35074,4253,7
714,36,Bishnupur HD (Bankura),40,40,0,27400,27400,0,118904,72372,46526,6,37587,45784,35487,145358,18383,118904,44837,7
765,4,Biswanath,14,14,0,2060,2060,0,77622,41491,36115,16,19538,40740,17341,83804,10139,77622,16321,0
242,15,Bokaro,44,42,2,7765,7265,500,215153,123170,91963,20,62313,85046,67737,235606,32918,215153,53371,26
57,4,Bongaigaon,14,14,0,3485,3485,0,83661,44584,39065,12,24859,36040,22758,96492,10765,83661,23596,1
176,11,Botad,34,34,0,7900,7900,0,79029,41988,37033,8,15596,31486,31940,83907,24170,79029,29048,2
468,26,Boudh,12,12,0,2300,2300,0,56392,31223,25163,6,5202,22794,28396,67242,0,56392,10850,3
229,14,Budgam,101,101,0,14160,14160,0,195075,117057,77997,21,47525,93787,53751,225069,0,195075,29994,0
640,34,Bulandshahr,137,137,0,44599,44599,0,305952,167990,137922,40,34710,171073,100093,334047,47770,305952,75865,26
367,21,Buldhana,74,73,1,20920,20820,100,364138,194171,169907,60,54015,154631,155441,365813,97592,364138,99267,0
514,29,Bundi,25,25,0,1362,1362,0,283720,142839,140810,71,39274,125066,119280,351514,11664,283720,79458,2
342,20,Burhanpur,22,22,0,3130,3130,0,116244,61039,55179,26,35566,44817,35760,109183,33497,116244,26436,7
100,5,Buxar,48,48,0,8295,8295,0,152709,85365,67319,25,37807,51140,63734,184174,0,152709,31465,3
66,4,Cachar,55,55,0,41120,41120,0,154559,82058,72492,9,49386,68755,36407,146271,44520,154559,36232,2
141,9,Central Delhi,109,92,17,23172,12402,10770,483240,285481,197691,68,207242,179600,96080,432259,190594,483240,139613,118
271,16,Chamarajanagar,123,121,2,22843,21220,1623,189351,91845,97450,56,31892,77182,80230,187619,37961,189351,36229,4
214,13,Chamba,39,39,0,8400,8400,0,136925,67968,68935,22,19390,70289,47234,161066,0,136925,24141,27
699,35,Chamoli,37,37,0,2781,2781,0,121663,60063,61563,37,27582,52364,41694,157571,2348,121663,38256,8
708,35,Champawat,23,23,0,3100,3100,0,81842,41187,40630,25,24174,32532,25128,98923,2404,81842,19485,4
429,24,Champhai,1,1,0,1200,1200,0,29140,14842,14294,4,3637,14930,10571,33697,0,29140,4557,144
641,34,Chandauli,59,59,0,14400,14400,0,124153,69723,54409,21,18260,58280,47577,140359,10219,124153,26425,7
399,22,Chandel,3,3,0,400,400,0,11207,7040,4167,0,5854,3750,1603,15346,0,11207,4139,1
108,6,Chandigarh,61,51,10,15310,9060,6250,307523,173010,134469,44,107272,122459,77673,382750,0,307523,75227,137
380,21,Chandrapur,199,199,0,36470,36470,0,324577,174185,150357,35,56430,151243,116822,369395,25300,324577,70118,3
20,3,Changlang,10,10,0,3470,3470,0,27558,15819,11736,3,11522,11372,4661,32107,0,27558,4549,19
766,4,Charaideo,8,8,0,730,730,0,49856,27404,22441,11,12312,26699,10844,53717,5578,49856,9439,0
201,12,Charkhi Dadri,18,18,0,5320,5320,0,131873,67824,64019,30,32118,47569,52139,126474,28669,131873,23270,0
245,15,Chatra,45,45,0,4600,4600,0,105688,56843,48831,14,26942,36166,42575,119601,589,105688,14502,3
565,31,Chengalpet,31,27,4,8530,4930,3600,332968,182595,150337,36,119781,113504,99254,358026,60399,332968,85457,3
571,31,Chennai,179,132,47,140185,111733,28452,1664294,916230,747874,190,581243,595755,487040,1658838,576695,1664294,571239,40
778,31,Cheyyar,25,25,0,4200,4200,0,53297,30272,23020,5,24602,17049,11636,52337,12867,53297,11907,0
328,20,Chhatarpur,37,37,0,5551,5551,0,200376,115948,84396,32,56019,73415,70847,190513,36830,200376,26967,15
337,20,Chhindwara,57,57,0,10458,10458,0,243203,134183,108971,49,80054,93240,69802,247665,50120,243203,54582,5
181,11,Chhotaudepur,40,40,0,7878,7878,0,181885,94147,87707,31,18351,89295,74233,143266,104556,181885,65937,1
273,16,Chikamagalur,164,164,0,21880,21880,0,243496,120693,122784,19,31487,113985,97976,271405,27943,243496,55852,21
291,16,Chikkaballapur,102,102,0,13310,13310,0,263335,132663,130641,31,40156,122724,100433,286933,30885,263335,54483,50
58,4,Chirang,21,21,0,2030,2030,0,42474,24842,17629,3,14615,19547,8312,44931,10308,42474,12765,1
268,16,Chitradurga,108,108,0,29655,29655,0,323049,160636,162338,75,38067,161155,123782,360820,45826,323049,83597,10
642,34,Chitrakoot,58,58,0,5350,5350,0,57953,34130,23814,9,10229,24746,22940,63096,5749,57953,10892,3
10,2,Chittoor,134,131,3,56640,56280,360,746396,369650,376653,93,110676,377091,258492,814591,164541,746396,232736,81
521,29,Chittorgarh,47,45,2,10927,9327,1600,334728,172273,162412,43,52508,139400,142716,388101,19390,334728,72763,12
400,22,Churachandpur,8,8,0,1700,1700,0,38287,20616,17665,6,17884,12900,7488,44994,0,38287,6707,4
530,29,Churu,81,81,0,12650,12650,0,389939,197115,192767,57,58399,165379,166114,461783,13036,389939,84880,7
539,31,Coimbatore,50,42,8,13015,8325,4690,543760,303558,240144,58,156876,214627,172091,573852,96882,543760,126974,7
715,36,Cooch Behar,0,0,0,0,0,0,0,0,0,0,0,0,0,0,0,0,0,0
783,36,COOCHBEHAR,34,34,0,10200,10200,0,303351,176233,127072,46,83472,107566,112281,352643,37536,303351,86828,0
547,31,Cuddalore,16,16,0,4440,4440,0,182264,108227,74014,23,57588,78490,46165,193693,41598,182264,53027,3
457,26,Cuttack,100,84,16,25843,21743,4100,555201,311191,243850,160,173814,214169,166925,654819,0,555201,99618,5
137,8,Dadra and Nagar Haveli,63,62,1,10920,10820,100,93250,63317,29917,16,57904,27165,8166,105236,0,93250,11986,84
182,11,Dahod,36,36,0,9936,9936,0,367767,184193,183510,64,39656,163094,164951,471399,57801,367767,161433,3
716,36,Dakshin Dinajpur,37,37,0,8811,8811,0,238416,127727,110648,41,65201,98335,74842,271992,50457,238416,84033,4
269,16,Dakshina Kannada,72,55,17,13680,9666,4014,394093,190433,203605,55,105474,151428,136737,445112,73339,394093,124358,1188
138,37,Daman,6,6,0,2840,2840,0,82092,53407,28672,13,52611,21715,7687,90659,0,82092,8567,2
327,20,Damoh,29,29,0,6280,6280,0,127000,70817,56168,15,43288,43932,39709,132344,15151,127000,20495,15
163,11,Dang,9,9,0,1800,1800,0,37954,19654,18297,3,6948,18767,12237,46948,544,37954,9538,5
117,7,Dantewada,22,22,0,2740,2740,0,70205,34668,35523,14,13668,42676,13858,88233,6783,70205,24811,17
94,5,Darbhanga,96,96,0,14610,14610,0,387216,205676,181483,57,106285,129222,151630,438158,27249,387216,78191,5
717,36,Darjeeling,65,59,6,21620,18370,3250,342147,182554,159432,161,101165,139951,100946,385384,73995,342147,117232,67
48,4,Darrang,12,12,0,3060,3060,0,95374,52765,42594,15,24469,46592,24311,106862,11769,95374,23257,16
350,20,Datia,49,49,0,7340,7340,0,110865,61167,49664,34,33747,34500,42605,102735,25653,110865,17523,4
511,29,Dausa,66,66,0,17350,17350,0,282911,149723,133153,35,46213,113334,123153,311198,27149,282911,55436,11
275,16,Davanagere,75,72,3,13345,12595,750,280877,145706,135128,43,44318,132649,103876,308720,39134,280877,66977,32
697,35,Dehradun,109,97,12,16434,10544,5890,500415,263333,237005,77,118960,208590,172688,618980,38229,500415,156794,131
473,26,Deogarh,14,14,0,2210,2210,0,42444,23461,18981,2,6161,19011,17266,51892,0,42444,9448,6
253,15,Deoghar,56,56,0,11573,11573,0,156262,90383,65842,37,59592,58978,37565,161743,28034,156262,33515,2
643,34,Deoria,127,127,0,19310,19310,0,201007,112655,88312,40,21663,88415,90891,231168,20354,201007,50515,4
168,11,Devbhumi Dwaraka,25,25,0,5400,5400,0,136646,73880,62746,20,27695,60847,48081,140566,59537,136646,63457,5
324,20,Dewas,5,3,2,1471,821,650,213687,120960,92693,34,80176,74600,58746,223335,28910,213687,38558,4
614,33,Dhalai,25,25,0,7050,7050,0,96110,51564,44530,16,11750,51703,32656,141528,0,96110,45418,3
118,7,Dhamtari,44,44,0,5200,5200,0,178573,84361,94189,23,10416,100466,67689,217291,4516,178573,43234,11
257,15,Dhanbad,86,85,1,17350,17050,300,307477,172699,134741,37,74966,134101,98364,307862,65386,307477,65771,45
341,20,Dhar,55,54,1,17560,16910,650,247846,136965,110831,50,102416,86011,59226,262384,29852,247846,44390,2
566,31,Dharmapuri,19,19,0,3980,3980,0,123028,69258,53753,17,49629,47936,25421,130456,20639,123028,28067,7
278,16,Dharwad,114,113,1,16328,16208,120,292667,150957,141664,46,62801,117505,112302,342589,22147,292667,72069,10
62,4,Dhemaji,12,12,0,1230,1230,0,86433,43705,42712,16,21371,42753,22307,93939,11268,86433,18774,1
458,26,Dhenkanal,44,44,0,8040,8040,0,157466,86442,71005,19,11301,74919,71216,182603,0,157466,25137,0
524,29,Dholpur,16,16,0,1882,1882,0,247866,132455,115374,37,53504,92165,102188,285844,19116,247866,57094,7
59,4,Dhubri,19,19,0,1820,1820,0,98186,53972,44202,12,23040,45911,29234,119094,8471,98186,29379,2
388,21,Dhule,57,57,0,7235,7235,0,272165,145005,127107,53,51282,124298,96514,271546,71586,272165,70967,0
718,36,Diamond Harbor HD (S 24 Parganas),98,98,0,18095,18095,0,407323,221436,185836,51,87797,163469,155995,502338,45021,407323,140036,24
25,3,Dibang Valley,1,1,0,200,200,0,1937,1145,792,0,1061,624,252,2814,0,1937,877,0
43,4,Dibrugarh,41,40,1,4446,4095,351,201033,107885,93123,25,68199,88063,44755,210532,28696,201033,38195,28
67,4,Dima Hasao,16,16,0,1863,1863,0,29832,17793,12031,8,10087,14094,5649,29807,9343,29832,9318,3
434,25,Dimapur,31,31,0,8785,8785,0,67839,40947,26885,7,28156,27299,12364,82390,0,67839,14551,4
556,31,Dindigul,8,8,0,856,856,0,103695,54998,48684,13,39498,39298,24881,112836,17912,103695,27053,1
336,20,Dindori,39,39,0,7230,7230,0,84256,41204,43040,12,22972,31194,30090,88859,7009,84256,11612,9
139,37,Diu,3,3,0,1130,1130,0,27123,13061,14055,7,15467,6652,4993,32654,0,27123,5531,1
232,14,Doda,37,37,0,8290,8290,0,91122,50447,40662,13,8856,47204,35058,114859,0,91122,23737,0
258,15,Dumka,54,54,0,16440,16440,0,153655,77642,75993,20,42850,56553,54202,155503,25171,153655,27019,1
520,29,Dungarpur,75,75,0,44850,44850,0,219794,106854,112897,43,37633,88518,93596,265800,8486,219794,54492,6
119,7,Durg,74,71,3,7072,6772,300,371470,188940,182490,40,36078,208869,126499,464693,12150,371470,105373,68
719,36,East Bardhaman,89,89,0,28815,28815,0,604806,338347,266405,54,125476,260314,218935,731003,63022,604806,189219,264
105,5,East Champaran,145,145,0,42880,42880,0,401503,232373,168952,178,124018,145056,132385,441129,17452,401503,57078,2
145,9,East Delhi,60,49,11,11252,6502,4750,293156,163133,129968,55,101200,116635,75191,309647,56612,293156,73103,125
424,23,East Garo Hills,16,16,0,2140,2140,0,16655,9174,7480,1,6026,8348,2278,21047,0,16655,4392,1
11,2,East Godavari,113,110,3,40016,39416,600,807959,427328,380522,109,122813,417049,267938,865750,196064,807959,253855,26
418,23,East Jaintia Hills,1,1,0,100,100,0,20589,12565,8021,3,9448,8114,3027,23319,0,20589,2730,17
23,3,East Kameng,3,3,0,470,470,0,10034,5225,4806,3,3590,5107,1336,11869,0,10034,1835,1
414,23,East Khasi Hills,52,52,0,2960,2960,0,119677,63882,55784,11,49088,49947,20634,142761,0,119677,23084,85
42,3,East Siang,10,10,0,2388,2388,0,21813,11236,10573,4,7840,9532,4437,30296,0,21813,8483,11
535,30,East Sikkim,8,8,0,795,795,0,93209,49620,43575,14,22588,45604,25009,122057,0,93209,28848,125
247,15,East Singhbhum,98,97,1,23700,22250,1450,374881,208922,165904,55,98076,164959,111705,372316,79970,374881,77405,16
307,17,Ernakulam,147,119,28,38541,23693,14848,913884,434271,479507,106,169197,331392,412696,1047647,112266,913884,246029,84
563,31,Erode,57,56,1,9920,9820,100,206487,115823,90633,31,70427,75828,60194,211634,43397,206487,48544,4
644,34,Etah,55,55,0,5920,5920,0,94594,54746,39831,17,14664,48061,31849,104124,11932,94594,21462,7
645,34,Etawah,45,45,0,5305,5305,0,109696,63821,45853,22,19148,50447,40025,128080,14234,109696,32618,27
199,12,Faridabad,61,50,11,29360,22470,6890,496447,285232,211126,89,167793,186651,140958,543236,52500,496447,99289,18
499,28,Faridkot,36,36,0,12150,12150,0,88906,48831,40054,21,17508,37123,34242,94403,12700,88906,18197,0
647,34,Farrukhabad,76,76,0,18740,18740,0,108924,64067,44830,27,15869,52822,40206,131295,16419,108924,38790,18
196,12,Fatehabad,22,22,0,4140,4140,0,145448,76671,68754,23,43973,49414,52013,147295,20633,145448,22480,45
484,28,Fatehgarh Sahib,41,41,0,8400,8400,0,55304,32284,23015,5,12681,24646,17970,58380,8209,55304,11285,0
648,34,Fatehpur,77,77,0,9960,9960,0,151137,85587,65525,25,18733,69118,63276,158387,34035,151137,41285,25
487,28,Fazilka,55,55,0,13200,13200,0,88641,51243,37391,7,19555,38295,30784,89479,15068,88641,15906,0
480,28,Ferozpur,91,91,0,8820,8820,0,88409,51279,37122,8,22236,37616,28548,95790,9945,88409,17326,1
649,34,Firozabad,54,54,0,7780,7780,0,199353,115554,83743,56,70940,78347,50040,213575,21153,199353,35375,5
280,16,Gadag,133,133,0,20469,20469,0,193111,95943,97135,33,33984,87038,72063,217295,33814,193111,57998,7
379,21,Gadchiroli,68,68,0,17720,17720,0,137606,75886,61704,16,36093,62028,39476,138204,35934,137606,36532,309
467,26,Gajapati,18,18,0,3810,3810,0,75972,35711,40247,14,10208,34909,30848,96832,0,75972,20860,2
228,14,Ganderbal,27,27,0,3110,3110,0,81219,47436,33772,11,9632,46917,24665,95298,0,81219,14079,5
153,11,Gandhinagar,43,40,3,9100,8050,1050,235570,123986,111552,32,42807,113285,79442,294228,28009,235570,86667,29
772,11,Gandhinagar Corporation,30,26,4,6730,5200,1530,165199,94528,70633,38,104571,35725,24882,189018,13420,165199,37239,3
449,26,Ganjam,74,74,0,13630,13630,0,680833,347749,332952,132,146408,274256,260098,815909,0,680833,135076,57
243,15,Garhwa,49,49,0,11720,11720,0,139142,77616,61498,28,48467,41413,49239,157126,7917,139142,25901,0
120,7,Gariaband,21,21,0,4180,4180,0,105811,49262,56539,10,6787,64066,34954,120100,1150,105811,15439,18
136,7,Gaurela Pendra Marwahi,9,9,0,900,900,0,68334,32141,36179,14,4042,41396,22892,75396,1561,68334,8623,1
650,34,Gautam Buddha Nagar,121,74,47,55190,21350,33840,654344,394769,259398,177,331855,197349,123808,697924,59964,654344,103544,14
79,5,Gaya,99,99,0,30797,30797,0,351478,194730,156678,70,121007,121772,108560,298368,147183,351478,94073,2
651,34,Ghaziabad,119,112,7,29110,23420,5690,570380,324471,245789,120,225476,216349,128331,600343,71303,570380,101266,5
652,34,Ghazipur,107,107,0,58700,58700,0,221973,124770,97167,36,27440,106716,87759,241420,28964,221973,48411,15
177,11,Gir Somnath,34,34,0,8600,8600,0,210399,114453,95857,89,32845,115691,61831,201353,75921,210399,66875,5
256,15,Giridih,39,38,1,8950,8850,100,216354,112433,103878,43,56445,71223,88610,230610,22558,216354,36814,5
60,4,Goalpara,25,25,0,4665,4665,0,83357,43684,39634,39,27725,38201,17428,94564,10451,83357,21658,10
262,15,Godda,53,53,0,9410,9410,0,124252,66501,57733,18,41197,41162,41822,138280,6274,124252,20302,4
53,4,Golaghat,14,14,0,1081,1081,0,108998,60261,48721,16,25865,54188,28942,120886,13962,108998,25850,6
615,33,Gomati,20,20,0,12760,12760,0,107145,55224,51909,12,10952,65852,30332,153876,14,107145,46745,2
653,34,Gonda,136,136,0,26372,26372,0,318187,189389,128705,93,85920,140329,91825,327551,40755,318187,50119,63
378,21,Gondia,96,96,0,13206,13206,0,237795,120650,117114,31,37873,121358,78543,194427,107890,237795,64522,14
104,5,Gopalganj,48,48,0,9731,9731,0,211943,120238,91683,22,54495,74994,82385,251882,0,211943,39939,3
654,34,Gorakhpur,109,106,3,21950,20270,1680,489036,283388,205512,136,194585,171454,122819,512442,71125,489036,94531,8
267,16,Gulbarga,166,166,0,29220,29220,0,285560,150963,134544,53,74114,131209,80199,316681,31301,285560,62422,6
251,15,Gumla,45,45,0,12629,12629,0,121938,57811,64112,15,30780,47354,43734,124705,14140,121938,16907,4
348,20,Guna,21,21,0,4590,4590,0,155416,88168,67232,16,44546,56887,53877,165314,17080,155416,26978,1
5,2,Guntur,97,93,4,18285,16135,2150,753622,396194,357338,90,139347,381358,232743,747255,229138,753622,222771,47
489,28,Gurdaspur,163,163,0,31014,31014,0,307931,160394,147503,34,47348,140280,120252,357289,29241,307931,78599,2
188,12,Gurgaon,105,41,64,63292,5597,57695,760356,454511,305715,130,360567,230000,168287,793426,131239,760356,164309,23
313,20,Gwalior,173,170,3,34440,32340,2100,483151,277140,205916,95,207317,161312,114337,467172,94277,483151,78298,12
68,4,Hailakandi,34,34,0,6800,6800,0,70853,39053,31791,9,20315,35132,15401,72055,15598,70853,16800,7
217,13,Hamirpur,11,11,0,1150,1150,0,176403,82052,94320,31,16505,83156,76722,210938,0,176403,34535,49
655,34,Hamirpur,58,58,0,6645,6645,0,100919,55774,45135,10,12188,50384,38341,111964,8475,100919,19520,10
517,29,Hanumangarh,60,60,0,5910,5910,0,370439,195395,175005,39,60148,175010,135208,405108,13514,370439,48183,4
656,34,Hapur,60,60,0,6299,6299,0,118840,66894,51932,14,16145,63596,39069,128630,16409,118840,26199,11
361,20,Harda,21,21,0,2595,2595,0,74356,41888,32457,11,27127,25866,21346,76668,8049,74356,10361,10
657,34,Hardoi,73,73,0,18721,18721,0,177777,100349,77392,36,26486,86211,65057,198429,27524,177777,48176,8
702,35,Haridwar,86,85,1,9303,8603,700,336739,192900,143794,45,88233,139117,109292,411999,15751,336739,91011,47
289,16,Hassan,230,230,0,31850,31850,0,368088,181484,186545,59,65538,151784,150691,384228,70637,368088,86777,52
658,34,Hathras,53,53,0,11722,11722,0,128967,69836,59118,13,13231,60236,55483,137367,17425,128967,25825,15
279,16,Haveri,90,90,0,12285,12285,0,163480,82952,80505,23,25920,68397,69143,176984,20837,163480,34341,48
255,15,Hazaribagh,74,74,0,7474,7474,0,215302,116582,98674,46,68402,77923,68936,189381,64774,215302,38853,11
386,21,Hingoli,50,50,0,10820,10820,0,117533,64062,53454,17,23749,49512,44257,119694,27225,117533,29386,5
191,12,Hisar,47,47,0,8440,8440,0,224461,120962,103461,38,61611,83741,79039,244544,10518,224461,30601,49
764,4,Hojai,32,32,0,2540,2540,0,96305,51416,44874,15,21193,46583,28526,87955,36434,96305,28084,0
720,36,Hoogly,100,99,1,26243,26133,110,809841,447068,362707,66,149087,354198,306450,986470,109758,809841,286387,10
360,20,Hoshangabad,25,25,0,5528,5528,0,177113,99605,77472,36,60053,62556,54488,180187,27196,177113,30270,1
481,28,Hoshiarpur,77,77,0,21577,21577,0,309573,169138,140402,33,55560,138179,115807,346467,25704,309573,62598,4
721,36,Howrah,102,98,4,21448,20555,893,616541,345766,270708,67,135900,263419,217048,755530,66763,616541,205752,21
581,32,Hyderabad,122,70,52,117989,64810,53179,1079271,603557,475564,150,439690,383608,255161,1053745,297642,1079271,276501,107
306,17,Idukki,61,59,2,21720,21520,200,289880,139973,149842,65,36723,128453,124347,327935,28522,289880,66577,31
401,22,Imphal East,34,34,0,3610,3610,0,96069,52135,43912,22,32481,41853,21718,110267,0,96069,14198,14
402,22,Imphal West,25,25,0,4810,4810,0,113335,61868,51411,56,43706,44440,25151,129717,0,113335,16382,42
314,20,Indore,374,362,12,103740,99940,3800,1283006,711789,570880,337,639010,391681,251712,1228025,280330,1283006,225349,17
17,3,Itanagar Capital Complex,8,8,0,900,900,0,53003,30385,22609,9,34686,15375,2933,60654,0,53003,7651,19
315,20,Jabalpur,147,147,0,42955,42955,0,608734,330806,277792,136,238615,224782,145001,542715,181571,608734,115552,10
459,26,Jagatsinghpur,39,39,0,12200,12200,0,174014,95087,78905,22,9642,82293,82057,205793,0,174014,31779,4
584,32,Jagtial,17,17,0,4575,4575,0,133112,63723,69360,29,14973,70446,47679,141152,24592,133112,32632,13
505,29,Jaipur I,176,168,8,58650,54800,3850,999279,547785,451311,183,251558,423094,323622,1020298,212550,999279,233569,71
506,29,Jaipur II,83,76,7,18850,16250,2600,596196,323791,272332,73,158259,245530,191790,584394,139063,596196,127261,5
527,29,Jaisalmer,36,36,0,7800,7800,0,125533,73949,51574,10,37025,49800,38660,134894,27473,125533,36834,3
460,26,Jajpur,16,15,1,12100,11700,400,234032,129028,104961,43,18049,110395,105573,271688,0,234032,37656,0
492,28,Jalandhar,120,118,2,18492,17292,1200,432926,230998,201870,58,65188,207386,160305,474728,46273,432926,88075,9
659,34,Jalaun,98,98,0,15325,15325,0,139897,79704,60175,18,14893,69428,55553,153145,9459,139897,22707,9
390,21,Jalgaon,72,70,2,14350,14020,330,464931,250450,214443,38,82357,201943,180514,526862,68903,464931,130834,7
396,21,Jalna,87,87,0,18020,18020,0,281676,149696,131936,44,59503,110193,111765,283599,59103,281676,61026,102
533,29,Jalore,56,56,0,6800,6800,0,284468,152380,132012,76,41828,110649,131909,338687,11519,284468,65738,1
722,36,Jalpaiguri,41,40,1,15410,15290,120,227392,135432,91906,54,74846,93509,58985,256599,36676,227392,65883,25
230,14,Jammu,64,64,0,16575,16575,0,504676,280992,223574,110,111568,223786,169122,613256,35664,504676,144244,31
169,11,Jamnagar,29,28,1,7400,6600,800,222241,126074,96136,31,58520,82446,81203,279839,11200,222241,68798,140
773,11,Jamnagar Corporation,42,42,0,7800,7800,0,213681,115838,97806,37,114774,56621,42179,241242,20516,213681,48077,115
259,15,Jamtara,35,35,0,6085,6085,0,96847,52139,44699,9,28740,35683,32401,105156,8969,96847,17278,14
107,5,Jamui,40,40,0,8350,8350,0,149876,82241,67603,32,41741,45987,62082,177558,0,149876,27682,1
585,32,Jangaon,18,18,0,3200,3200,0,57878,27447,30424,7,5360,27033,25479,66424,10394,57878,18940,4
121,7,Janjgir-Champa,189,189,0,36300,36300,0,276124,131849,144256,19,14884,145617,115609,318716,11350,276124,53942,8
122,7,Jashpur,120,120,0,14120,14120,0,170776,78514,92236,26,14844,94813,61113,200084,6451,170776,35759,31
660,34,Jaunpur,134,134,0,27825,27825,0,278488,152434,125992,62,25535,124643,128282,307924,45318,278488,74754,18
586,32,Jayashankar Bhupalpally,15,15,0,2100,2100,0,79452,38493,40942,17,6570,41525,31354,63380,31636,79452,15564,8
91,5,Jehanabad,20,20,0,2880,2880,0,96385,52845,43509,31,32300,32141,31898,107218,4951,96385,15784,2
340,20,Jhabua,59,59,0,7340,7340,0,82031,41603,40417,11,34770,25085,22143,88983,11117,82031,18069,1
189,12,Jhajjar,46,46,0,13180,13180,0,182514,95731,86744,39,44713,70884,66871,184657,36243,182514,38386,5
515,29,Jhalawar,49,49,0,7290,7290,0,260280,136367,123878,35,48465,89328,122367,309514,9740,260280,58974,18
661,34,Jhansi,112,112,0,21881,21881,0,210719,124367,86279,73,98735,64185,47743,223111,31376,210719,43768,17
723,36,Jhargram,48,48,0,14160,14160,0,101201,66162,35033,6,42339,33391,25445,121090,20289,101201,40178,3
474,26,Jharsuguda,33,27,6,7011,5021,1990,93179,53228,39944,7,16612,42963,33573,118539,0,93179,25360,7
510,29,Jhunjhunu,40,40,0,13320,13320,0,517318,253017,264219,82,69444,213619,233945,606536,38758,517318,127976,12
204,12,Jind,33,33,0,6274,6274,0,169948,88739,81181,28,43512,63205,63195,183358,6367,169948,19777,17
410,22,Jiribam,2,2,0,380,380,0,6867,4629,2236,2,3779,2294,794,8574,0,6867,1707,1
502,29,Jodhpur,205,203,2,181100,180300,800,820848,440651,380092,105,156850,366821,296923,892551,112815,820848,184518,16
587,32,Jogulamba Gadwal,10,10,0,710,710,0,52535,27168,25355,12,6018,28559,17953,55211,7385,52535,10061,7
54,4,Jorhat,6,4,2,1105,545,560,125257,67883,57351,23,31678,57136,36428,131497,21223,125257,27463,29
178,11,Junagadh,43,43,0,9000,9000,0,230124,119855,110240,29,30706,114886,84512,277869,9524,230124,57269,14
774,11,Junagadh Corporation,16,16,0,3450,3450,0,75256,39842,35406,8,19731,30721,24782,98560,6120,75256,29424,3
80,5,Kaimur,14,14,0,3630,3630,0,137610,76495,61083,32,38858,45610,53119,158872,0,137610,21262,1
190,12,Kaithal,38,38,0,3770,3770,0,159300,83692,75590,18,50654,51633,56879,157898,28593,159300,27191,24
413,22,Kakching,5,5,0,1020,1020,0,25040,13191,11838,11,7725,10432,6873,27789,0,25040,2749,1
464,26,Kalahandi,41,40,1,8670,8370,300,219179,113882,105269,28,38780,90451,89925,267294,0,219179,48115,3
724,36,Kalimpong,6,6,0,1520,1520,0,75730,38613,37107,10,19359,32909,23454,92770,11681,75730,28721,14
552,31,Kallakurichi,59,58,1,7490,7390,100,84903,46695,38195,13,35506,29725,19642,92896,10210,84903,18203,3
588,32,Kamareddy,23,23,0,7600,7600,0,150016,71096,78891,29,14892,81255,53832,169972,17625,150016,37581,3
409,22,Kamjong,1,1,0,350,350,0,3836,2289,1547,0,2327,1048,456,4374,0,3836,538,0
24,3,Kamle,1,1,0,100,100,0,2286,1237,1049,0,749,1133,403,2823,0,2286,537,1
49,4,Kamrup Metropolitan,66,51,15,11347,9445,1902,480402,270909,209394,99,230420,164274,85500,486152,87436,480402,93186,18
50,4,Kamrup Rural,84,83,1,15146,14876,270,236799,126966,109790,43,52533,118842,65415,257760,29099,236799,50060,8
557,31,Kanchipuram,26,26,0,8750,8750,0,117637,73313,44313,11,60741,36415,20462,126230,14161,117637,22754,2
450,26,Kandhamal,16,16,0,5960,5960,0,107582,50997,56569,16,12069,48543,46969,131242,0,107582,23660,4
408,22,Kangpokpi,3,3,0,400,400,0,11282,5916,5365,1,4589,4534,2150,13540,0,11282,2258,0
213,13,Kangra,69,68,1,21610,21480,130,453179,218941,234151,87,52363,217563,183188,539924,0,453179,86745,75
123,7,Kanker,46,46,0,13850,13850,0,155786,78235,77537,14,21218,83498,51066,189540,7417,155786,41171,23
662,34,Kannauj,82,82,0,23910,23910,0,81144,48361,32754,29,15171,37249,28710,95703,5933,81144,20492,6
297,17,Kannur,66,64,2,21775,17775,4000,604005,288237,315668,100,97466,239046,267162,704090,57047,604005,157132,723
663,34,Kanpur Dehat,46,46,0,10252,10252,0,121843,71783,50020,40,14143,61614,46026,139556,10917,121843,28630,6
664,34,Kanpur Nagar,143,139,4,21442,19302,2140,554513,320426,233962,125,217450,193110,143673,587543,77188,554513,110218,12
544,31,Kanyakumari,7,7,0,3090,3090,0,166637,88588,78024,25,66504,57270,42819,185333,25028,166637,43724,4
479,28,Kapurthala,31,31,0,6750,6750,0,117590,63779,53789,22,15777,58818,42965,124845,13617,117590,20872,18
476,27,Karaikal,14,14,0,3300,3300,0,28788,14782,13998,8,7125,12748,8910,33421,0,28788,4633,8
525,29,Karauli,35,35,0,5810,5810,0,268443,138956,129426,61,35202,107914,125307,299604,17573,268443,48734,7
51,4,Karbi-Anglong,34,34,0,4350,4350,0,57026,32276,24742,8,18980,28994,9044,60437,10858,57026,14269,2
309,18,Kargil,17,17,0,4950,4950,0,60993,31814,29170,9,32238,16504,12228,75572,0,60993,14579,4
69,4,Karimganj,18,18,0,1620,1620,0,91563,50382,41170,11,26435,43162,21965,98490,15941,91563,22868,0
589,32,Karimnagar,25,23,2,9787,9300,487,208642,106441,102148,53,26860,108702,73057,218704,25783,208642,35845,10
203,12,Karnal,30,29,1,6640,6540,100,289336,152515,136783,38,75036,107580,106622,270120,82585,289336,63369,177
559,31,Karur,1,0,1,132,0,132,99200,54618,44564,18,39194,40040,19848,103388,18091,99200,22279,1
295,17,Kasaragod,49,49,0,10530,10530,0,354746,174612,180087,47,40671,176944,136822,411335,29732,354746,86321,54
665,34,Kasganj,46,46,0,5610,5610,0,77219,43149,34058,12,13665,34232,29311,84524,12779,77219,20084,3
234,14,Kathua,97,97,0,22950,22950,0,166620,91342,75251,27,34088,74488,58029,197423,0,166620,30803,7
75,5,Katihar,21,21,0,11220,11220,0,201758,110543,91190,25,75544,69519,56646,240889,0,201758,39131,15
353,20,Katni,34,34,0,6000,6000,0,165809,93008,72781,20,49111,66543,49983,172298,15026,165809,21515,0
666,34,Kaushambi,67,67,0,6310,6310,0,88844,50951,37887,6,13482,43895,31464,100332,10147,88844,21635,7
135,7,Kawardha,5,5,0,1700,1700,0,132850,64884,67943,23,12412,79599,40836,150861,6331,132850,24342,2
461,26,Kendrapara,56,56,0,8069,8069,0,217729,114903,102806,20,9237,105048,103432,256353,0,217729,38624,2
455,26,Kendujhar,54,52,2,9563,9180,383,234412,124214,110162,36,21029,119356,94006,277222,0,234412,42810,2
101,5,Khagaria,28,28,0,5760,5760,0,126991,67951,59023,17,36593,38681,51675,150119,0,126991,23128,6
590,32,Khammam,39,39,0,8570,8570,0,136021,74162,61839,20,27270,66375,42329,150992,33728,136021,48699,7
339,20,Khandwa,46,46,0,10588,10588,0,162224,87503,74691,30,57842,54686,49653,163632,32730,162224,34138,2
344,20,Khargone,61,61,0,10195,10195,0,208781,118126,90614,41,85041,71829,51833,219174,22922,208781,33315,5
156,11,Kheda,64,64,0,14310,14310,0,407433,214864,192521,48,76524,185888,144941,396962,154269,407433,143798,11
616,33,Khowai,31,31,0,3240,3240,0,72781,37492,35281,8,6985,42508,23284,104335,0,72781,31554,1
252,15,Khunti,32,32,0,5620,5620,0,81390,42608,38772,10,27764,29474,24139,75170,20305,81390,14085,6
446,26,Khurda,133,129,4,33007,30523,2484,775465,440628,334712,125,276607,303986,194602,206753,878659,775465,309947,21
216,13,Kinnaur,4,3,1,510,400,110,30626,16212,14409,5,6630,14272,9718,39370,0,30626,8744,11
444,25,Kiphire,5,5,0,510,510,0,5387,3685,1702,0,2523,1851,1012,7380,0,5387,1993,12
76,5,Kishanganj,24,24,0,3100,3100,0,122778,68083,54675,20,40436,45133,37169,150017,0,122778,27239,3
231,14,Kishtwar,19,19,0,1660,1660,0,52890,31312,21566,12,8478,26686,17721,64835,0,52890,11945,1
283,16,Kodagu,57,57,0,10740,10740,0,132708,65395,67295,18,24628,55929,52094,147044,19603,132708,33939,21
241,15,Koderma,25,25,0,3515,3515,0,90575,45985,44581,9,24970,32309,33273,96993,6466,90575,12884,18
441,25,Kohima,8,8,0,1641,1641,0,34411,19743,14666,2,15018,13111,6279,42862,0,34411,8451,0
61,4,Kokrajhar,30,30,0,2105,2105,0,73377,41840,31528,9,24318,34771,14281,82486,10456,73377,19565,2
277,16,Kolar,219,219,0,175510,175510,0,397490,205424,191995,71,165332,132445,99605,415934,54799,397490,73243,22
428,24,Kolasib,1,1,0,550,550,0,19405,10022,9382,1,4243,9026,6133,23706,0,19405,4301,8
371,21,Kolhapur,305,303,2,94460,93120,1340,985658,494608,490893,157,110255,452053,423159,1134545,75032,985658,223919,59
725,36,Kolkata,404,256,148,353708,178280,175428,1673705,948368,725057,280,487835,659397,524028,1890048,305728,1673705,522071,119
298,17,Kollam,74,73,1,19174,17874,1300,639399,299008,340269,122,101378,245119,292271,756122,64100,639399,180823,140
124,7,Kondagaon,37,37,0,4200,4200,0,116714,53625,63075,14,10096,76774,29843,133102,4430,116714,20818,11
282,16,Koppal,219,219,0,25040,25040,0,260114,124729,135342,43,53882,112245,93929,273089,43308,260114,56283,102
451,26,Koraput,48,48,0,17750,17750,0,253402,122140,131206,56,44369,102398,106619,309315,1,253402,55914,4
125,7,Korba,43,43,0,8330,8330,0,286942,139608,147304,30,18408,175368,93152,328780,7590,286942,49428,23
126,7,Koriya,25,25,0,6450,6450,0,115295,56797,58490,8,10659,65160,39472,132493,4135,115295,21333,14
503,29,Kota,81,81,0,16180,16180,0,499114,269336,229693,85,139363,204235,155405,547909,46942,499114,95737,12
304,17,Kottayam,87,83,4,20209,15859,4350,544089,252983,291022,84,88734,201381,253577,628152,47487,544089,131550,177
780,31,Kovilpatti,5,5,0,430,430,0,60979,31086,29884,9,22006,22675,16291,64206,9322,60979,12549,2
305,17,Kozhikode,107,102,5,43179,21259,21920,727410,351613,375677,120,118659,299361,308699,849894,63181,727410,185665,185
27,3,Kra Daadi,1,1,0,110,110,0,3013,1569,1444,0,1456,1056,500,3741,0,3013,728,1
4,2,Krishna,70,62,8,25334,22364,2970,789696,410632,378950,114,135892,423707,229880,782873,257729,789696,250906,32
562,31,Krishnagiri,71,70,1,18730,6730,12000,201871,118837,83000,34,77217,84982,39603,206492,38862,201871,43483,1
221,14,Kulgam,60,60,0,10772,10772,0,100603,58008,42579,16,7624,56188,36789,112946,0,100603,12343,0
211,13,Kullu,7,7,0,900,900,0,122445,62299,60128,18,16122,63503,42806,150764,0,122445,28319,4
591,32,Kumuram Bheem,23,22,1,2939,2739,200,45095,23341,21743,11,7097,23577,14419,44637,9497,45095,9039,7
226,14,Kupwara,53,53,0,13270,13270,0,100005,62131,37863,11,13318,54761,31920,118213,0,100005,18208,4
7,2,Kurnool,26,26,0,12900,12900,0,573175,281355,291757,63,70392,312138,190565,642842,108345,573175,178012,12
186,12,Kurukshetra,28,28,0,4595,4595,0,183653,96537,87095,21,44419,66491,72698,188580,24709,183653,29636,13
21,3,Kurung Kumey,2,2,0,180,180,0,4711,2232,2417,62,2235,1501,975,6653,0,4711,1942,4
667,34,Kushinagar,65,65,0,8620,8620,0,211134,120661,90446,27,24987,101754,84327,227894,35054,211134,51814,12
170,11,Kutch,58,52,6,12760,9960,2800,401740,225126,176561,53,134173,149405,118021,486196,38817,401740,123273,14
210,13,Lahaul Spiti,0,0,0,0,0,0,10212,5246,4964,2,2022,4922,3267,13567,0,10212,3355,0
63,4,Lakhimpur,19,19,0,1860,1860,0,105413,55402,49997,14,24513,52580,28315,121083,12645,105413,28315,6
668,34,Lakhimpur Kheri,69,69,0,23190,23190,0,202336,116769,85398,169,28953,102850,70506,212440,32782,202336,42886,5
84,5,Lakhisarai,16,16,0,3510,3510,0,70687,38935,31738,14,22559,21653,26469,83884,0,70687,13197,0
311,19,Lakshadweep,9,9,0,14750,14750,0,32608,17993,14613,2,12313,12996,7299,39589,0,32608,6981,0
669,34,Lalitpur,73,73,0,12165,12165,0,77904,43125,34768,11,11806,34334,31759,82681,10404,77904,15181,4
244,15,Latehar,48,48,0,7911,7911,0,79298,44641,34637,20,29695,24462,25106,87436,5877,79298,14015,2
383,21,Latur,102,102,0,17245,17245,0,331446,181546,149853,47,63645,129708,138031,345138,70872,331446,84564,20
432,24,Lawngtlai,1,1,0,300,300,0,15613,8385,7226,2,4690,6934,3988,18479,0,15613,2866,39
310,18,Leh,7,7,0,1330,1330,0,81273,43279,37986,8,43583,19611,18065,104020,0,81273,22747,0
33,3,Lepa Rada,1,1,0,200,200,0,5909,3202,2707,0,2098,2529,1282,8423,0,5909,2514,0
250,15,Lohardaga,30,30,0,10360,10360,0,65281,33254,32008,19,20180,24721,20367,61699,13656,65281,10074,9
29,3,Lohit,6,6,0,788,788,0,9656,5759,3894,3,3934,4290,1432,11673,0,9656,2017,37
40,3,Longding,6,6,0,1200,1200,0,5751,3922,1829,0,3292,1812,644,7417,0,5751,1666,21
438,25,Longleng,5,5,0,540,540,0,8949,4859,4089,1,3216,3814,1918,11077,0,8949,2128,1
31,3,Lower Dibang Valley,8,8,0,1600,1600,0,11053,5935,5117,1,4380,4816,1857,13620,0,11053,2567,16
18,3,Lower Siang,3,3,0,479,479,0,5937,3129,2808,0,2027,2810,1100,7030,0,5937,1093,0
32,3,Lower Subansiri,3,3,0,440,440,0,12100,6139,5959,2,5287,4687,2124,16160,0,12100,4060,39
670,34,Lucknow,146,140,6,32692,28760,3932,832169,478392,353543,234,372208,274821,184287,886428,155611,832169,209870,26
488,28,Ludhiana,129,108,21,107510,96770,10740,603887,354310,249502,75,134040,277522,192180,682754,58679,603887,137546,12
431,24,Lunglei,5,5,0,880,880,0,35560,19179,16380,1,7012,17277,11267,43463,0,35560,7903,106
70,5,Madhepura,66,66,0,11860,11860,0,165411,91171,74205,35,43924,54355,67100,193375,0,165411,27964,12
95,5,Madhubani,76,76,0,16380,16380,0,370343,196483,173790,70,98594,110127,161469,448000,0,370343,77657,7
540,31,Madurai,28,22,6,7530,6250,1280,319835,175581,144201,53,122769,111324,85676,346277,57765,319835,84207,1
592,32,Mahabubabad,25,25,0,3400,3400,0,95033,45223,49740,70,8619,45379,41026,98241,26145,95033,29353,18
593,32,Mahabubnagar,33,33,0,8300,8300,0,98201,47901,50281,19,12304,54552,31318,102772,20539,98201,25110,6
671,34,Maharajganj,61,61,0,10775,10775,0,156470,87837,68607,26,23451,71842,61100,171902,22895,156470,38327,14
127,7,Mahasamund,37,37,0,3950,3950,0,247795,116515,131246,34,10422,132701,104665,305587,5059,247795,62851,15
477,27,Mahe,2,2,0,325,325,0,16711,7630,9080,1,3517,7154,6038,20553,0,16711,3842,2
206,12,Mahendragarh,26,26,0,3473,3473,0,190253,98499,91722,32,45472,63406,81312,196851,23529,190253,30127,4
183,11,Mahisagar,20,20,0,4200,4200,0,268593,137105,131437,51,24050,123848,120612,332848,36243,268593,100498,4
672,34,Mahoba,84,84,0,8240,8240,0,103347,55545,47785,17,10721,48250,44360,115106,6233,103347,17992,6
673,34,Mainpuri,46,43,3,4640,4340,300,111386,61814,49552,20,15377,49475,46491,118409,17302,111386,24325,22
767,4,Majuli,8,8,0,800,800,0,37458,19898,17556,4,7387,20553,9517,42663,4674,37458,9879,0
302,17,Malappuram,206,201,5,52320,50268,2052,655346,340156,315091,99,113250,285224,256479,740535,56826,655346,142015,115
726,36,Malda,96,96,0,14316,14316,0,376664,206529,170041,94,105050,162616,108932,400575,89024,376664,112935,11
469,26,Malkangiri,5,5,0,1050,1050,0,75894,37677,38201,16,11169,32675,32043,95414,0,75894,19520,17
427,24,Mamit,2,2,0,450,450,0,17705,9754,7951,0,4045,8397,5259,21638,0,17705,3933,296
594,32,Mancherial,10,9,1,5200,4800,400,90563,48143,42403,17,13758,46219,30553,96763,9837,90563,16037,20
215,13,Mandi,23,23,0,2240,2240,0,316317,149628,166631,58,36673,151451,128112,389938,0,316317,73621,281
335,20,Mandla,35,35,0,11450,11450,0,112966,57757,55196,13,32753,41970,38239,117447,14052,112966,18533,6
319,20,Mandsaur,29,29,0,7016,7016,0,155090,86151,68910,29,49951,59335,45783,164610,16808,155090,26328,2
290,16,Mandya,116,115,1,14673,14573,100,352702,168289,184351,62,50452,158902,143315,401238,37927,352702,86463,44
482,28,Mansa,57,57,0,40960,40960,0,60270,36247,24018,5,19926,22853,17472,61240,7343,60270,8313,2
674,34,Mathura,101,101,0,19310,19310,0,300294,174737,125493,64,98972,115593,85661,308056,47935,300294,55697,80
675,34,Mau,57,57,0,9062,9062,0,123228,70742,52460,26,23061,55803,44221,139767,18974,123228,35513,9
456,26,Mayurbhanj,57,57,0,7521,7521,0,275020,138151,136845,24,24277,135046,115687,341659,0,275020,66639,3
595,32,Medak,11,11,0,1200,1200,0,109556,53739,55777,40,9686,63332,36536,111239,18300,109556,19983,4
596,32,Medchal,125,106,19,66904,55120,11784,528722,292085,236560,77,155487,224009,149058,564493,98445,528722,140889,32
676,34,Meerut,116,115,1,23715,23215,500,553784,306467,247189,128,174660,234062,144956,570169,92828,553784,109213,7
160,11,Mehsana,62,62,0,13000,13000,0,532618,276358,256212,48,147132,202154,183302,595228,96278,532618,158888,8
677,34,Mirzapur,83,83,0,15480,15480,0,244547,139492,104980,75,80672,88449,75321,259110,28522,244547,43085,7
491,28,Moga,98,98,0,18674,18674,0,103896,57832,46054,10,22607,44190,37088,114758,6536,103896,17398,2
437,25,Mokokchung,6,6,0,740,740,0,27359,14123,13234,2,7924,10483,8946,31861,0,27359,4502,1
439,25,Mon,10,10,0,1263,1263,0,27921,16137,11783,1,11187,10657,6074,31472,0,27921,3551,4
678,34,Moradabad,87,86,1,11100,11000,100,298554,172693,125757,104,135870,100178,62341,300501,51649,298554,53596,51
171,11,Morbi,37,36,1,10756,8556,2200,143886,76746,67120,20,23569,64146,56157,169673,28610,143886,54397,1
347,20,Morena,64,64,0,24880,24880,0,212441,123621,88770,50,74316,70468,67610,207917,35147,212441,30623,6
55,4,Morigaon,12,12,0,1515,1515,0,85724,43415,42297,12,17756,42011,25954,96037,7104,85724,17417,0
612,32,Mulugu,16,16,0,1600,1600,0,57097,27517,29571,9,4236,35319,17538,44772,23806,57097,11481,1
395,21,Mumbai,380,292,88,177559,37358,140201,3008516,1641945,1366075,496,906130,1200849,897713,3511831,286541,3008516,790038,498
128,7,Mungeli,26,26,0,2700,2700,0,130376,62133,68237,6,6050,74530,49791,144495,2065,130376,16184,14
85,5,Munger,41,40,1,3940,3740,200,126601,72375,54194,32,39811,42519,44245,155028,1,126601,28428,7
727,36,Murshidabad,126,126,0,31611,31611,0,629956,336735,293125,96,145589,270368,213922,730790,105782,629956,206616,42
679,34,Muzaffarnagar,115,115,0,47152,47152,0,228526,126078,102401,47,22546,123998,81899,254600,26200,228526,52274,8
86,5,Muzaffarpur,137,137,0,24870,24870,0,385811,219073,166682,56,135358,123725,126638,407539,37942,385811,59670,9
266,16,Mysore,164,157,7,22235,18810,3425,789538,391430,397991,117,140286,364088,284876,876441,72781,789538,159684,58
470,26,Nabarangpur,39,39,0,7600,7600,0,148263,69640,78603,20,32474,61273,54492,179363,0,148263,31100,6
728,36,Nadia,66,66,0,16661,16661,0,542347,309849,232417,81,127679,221899,192700,649248,55674,542347,162575,17
56,4,Nagaon,34,33,1,9300,8800,500,178736,91922,86789,25,46989,83468,48266,194978,24155,178736,40397,2
576,31,Nagapattinam,9,8,1,2370,2270,100,104615,61547,43052,16,46128,36443,22033,108969,17977,104615,22331,1
597,32,Nagarkurnool,8,8,0,1300,1300,0,96201,46451,49709,41,8475,51788,35909,102994,11167,96201,17960,3
532,29,Nagaur,27,27,0,2850,2850,0,800880,397607,403149,124,92355,380737,327567,980129,31322,800880,210571,12
365,21,Nagpur,259,255,4,65805,63530,2275,1045664,558435,487056,173,183209,486976,375270,1232877,91876,1045664,279089,138
709,35,Nainital,59,58,1,10390,10140,250,236906,123566,113249,91,60492,98941,77385,293111,12065,236906,68270,11
90,5,Nalanda,70,70,0,18800,18800,0,314945,167198,147690,57,86169,99895,128789,366099,8167,314945,59321,0
52,4,Nalbari,20,20,0,2403,2403,0,76051,42452,33585,14,17562,38779,19709,82293,9439,76051,15681,1
598,32,Nalgonda,16,16,0,7800,7800,0,133492,71190,62290,12,25527,65995,41959,154923,9207,133492,30638,1
558,31,Namakkal,13,13,0,2532,2532,0,193195,104072,89084,39,63122,77226,52811,210750,35900,193195,53455,1
36,3,Namsai,5,5,0,790,790,0,19781,10665,9116,0,5805,9830,4141,24300,0,19781,4519,14
382,21,Nanded,136,136,0,17830,17830,0,356488,191777,164672,39,60694,160140,135625,328524,118038,356488,90074,15
729,36,Nandigram HD (East Medinipore),39,39,0,16360,16360,0,353422,194890,158493,39,63423,152612,137359,392323,52973,353422,91874,12
387,21,Nandurbar,98,98,0,37530,37530,0,242088,128036,114022,30,58075,122210,61740,257697,34785,242088,50394,13
613,32,Narayanpet,14,14,0,3700,3700,0,33662,16969,16685,8,4798,17746,11111,35997,5608,33662,7943,3
129,7,Narayanpur,2,2,0,430,430,0,22861,12810,10049,2,7058,11526,4275,28331,1819,22861,7289,15
184,11,Narmada,18,18,0,3550,3550,0,144314,73667,70624,23,18201,72180,53918,158331,38894,144314,52911,25
352,20,Narsinghpur,28,28,0,5115,5115,0,143931,81619,62291,21,44588,51995,47333,157356,14156,143931,27581,3
389,21,Nashik,125,119,6,18297,16585,1712,828394,457519,370760,115,146432,390238,291606,937161,111551,828394,220318,34
164,11,Navsari,43,43,0,8210,8210,0,305097,148486,156586,25,44366,132805,127851,318203,117053,305097,130159,10
92,5,Nawada,228,228,0,74120,74120,0,187785,99394,88356,35,51106,63209,73422,219396,7396,187785,39007,4
462,26,Nayagarh,19,19,0,10155,10155,0,134688,72619,62054,15,7529,58358,68789,159656,0,134688,24968,1
323,20,Neemuch,25,25,0,4410,4410,0,124472,70093,54355,24,43555,46322,34554,133755,12547,124472,21830,2
140,9,New Delhi,84,79,5,11797,10452,1345,361959,219689,142221,49,115709,171093,74728,282198,230464,361959,150703,58
3,1,Nicobar,0,0,0,0,0,0,8649,4553,4096,0,998,4939,2712,10555,0,8649,1906,0
577,31,Nilgiris,20,20,0,3750,3750,0,157821,78510,79296,15,34939,73802,49062,185025,22737,157821,49941,0
599,32,Nirmal,29,29,0,9100,9100,0,127905,60674,67212,19,8771,83769,35342,132171,18823,127905,23089,6
600,32,Nizamabad,10,10,0,9500,9500,0,162282,82556,79700,26,25748,86609,49887,181336,15478,162282,34532,6
412,22,Noney,4,4,0,350,350,0,6509,4413,2094,2,3529,2022,951,8439,0,6509,1930,0
730,36,North 24 Parganas,215,132,83,127901,54414,73487,1171445,659426,511873,146,332413,446033,392528,1331449,156012,1171445,316016,25
1,1,North and Middle Andaman,0,0,0,0,0,0,32431,17206,15222,3,3711,17755,10964,35720,0,32431,3289,0
146,9,North Delhi,58,58,0,9040,9040,0,306281,178035,128180,66,121121,111636,73462,249184,144445,306281,87348,68
147,9,North East Delhi,47,47,0,8750,8750,0,257042,152386,104579,77,106026,99180,51615,244111,91515,257042,78584,26
423,23,North Garo Hills,8,8,0,1200,1200,0,14948,7137,7811,0,3092,8587,3267,18591,0,14948,3643,5
151,10,North Goa,42,36,6,18911,15360,3551,228861,120390,108451,20,72956,86632,69228,266036,9624,228861,46799,413
537,30,North Sikkim,0,0,0,0,0,0,10913,6173,4738,2,2319,5685,2907,15455,0,10913,4542,19
617,33,North Tripura,31,31,0,6200,6200,0,112333,57690,54627,16,8441,65977,37911,183974,0,112333,71641,6
143,9,North West Delhi,115,103,12,26608,20432,6176,522779,291580,231115,84,189756,196369,136330,462035,214036,522779,153292,45
465,26,Nuapada,50,50,0,6020,6020,0,70043,35256,34773,14,6763,29854,33425,86520,0,70043,16477,5
205,12,Nuh,13,13,0,2055,2055,0,74085,42368,31698,19,31669,21572,20779,72444,9085,74085,7444,7
381,21,Osmanabad,39,39,0,10310,10310,0,234760,127802,106925,33,41693,90759,102276,228523,54575,234760,48338,4
19,3,Pakke Kessang,2,2,0,282,282,0,4464,2329,2132,3,1476,2457,531,5850,0,4464,1386,0
261,15,Pakur,37,37,0,12810,12810,0,96161,47216,48935,10,29693,32809,33618,100987,13873,96161,18699,4
308,17,Palakkad,111,111,0,23520,23520,0,516631,247881,268668,82,78320,197315,240439,625797,41068,516631,150234,262
246,15,Palamu,53,52,1,11290,11220,70,231568,125622,105890,56,52499,79463,99540,212061,59662,231568,40155,3
564,31,Palani,9,9,0,926,926,0,80387,42765,37617,5,30568,31820,17966,90556,11031,80387,21200,0
394,21,Palghar,69,65,4,19105,15015,4090,332261,179980,152250,31,78529,149918,103630,381510,24174,332261,73423,14
529,29,Pali,99,99,0,21100,21100,0,425578,222905,202616,57,88080,153469,183832,503285,19538,425578,97245,35
207,12,Palwal,28,27,1,14680,14580,100,202851,111649,91149,53,61979,67400,73351,154559,71169,202851,22877,18
187,12,Panchkula,22,21,1,3030,2530,500,183211,98840,84330,41,64905,62806,55351,196309,37037,183211,50135,92
185,11,Panchmahal,50,50,0,10000,10000,0,330257,168443,161759,55,40460,155589,134167,379950,90496,330257,140189,1
195,12,Panipat,35,35,0,5343,5343,0,189117,104770,84307,40,55758,72471,60797,179382,43530,189117,33795,31
326,20,Panna,32,32,0,10900,10900,0,76790,44073,32709,8,24582,28302,23887,80922,8249,76790,12381,19
39,3,Papum Pare,7,7,0,1060,1060,0,15223,9556,5665,2,7936,5540,1744,19741,0,15223,4518,32
573,31,Paramakudi,8,8,0,1630,1630,0,59922,27600,32311,11,19131,23467,17318,63851,6370,59922,10299,1
385,21,Parbhani,102,102,0,15812,15812,0,232955,123987,108937,31,42342,96638,93957,221142,65351,232955,53538,7
731,36,Paschim Medinipore,129,128,1,43690,43540,150,528519,310259,218214,46,127600,200904,199871,624914,81517,528519,177912,18
161,11,Patan,104,104,0,11145,11145,0,238498,124049,114420,29,46740,103751,87874,256382,59069,238498,76953,10
300,17,Pathanamthitta,89,86,3,36375,35860,515,462744,210952,251723,69,55988,173968,232540,557992,45438,462744,140686,29
486,28,Pathankot,24,23,1,9050,8800,250,152268,80709,71544,15,21555,72202,58499,162401,19988,152268,30121,1
494,28,Patiala,35,34,1,6535,6290,245,265740,150008,115717,15,52700,116901,96117,283614,23385,265740,41259,11
97,5,Patna,290,288,2,193310,193170,140,848444,494025,354282,137,326938,298837,222234,535976,583793,848444,271325,38
698,35,Pauri Garhwal,29,29,0,3234,3234,0,173269,81893,91338,38,29829,71111,72306,217504,2380,173269,46615,32
601,32,Peddapalli,22,21,1,6650,6350,300,111046,57670,53360,16,15329,56861,38835,116052,18397,111046,23403,4
570,31,Perambalur,8,8,0,850,850,0,53164,28739,24419,6,20621,19035,13490,57881,6192,53164,10909,7
435,25,Peren,11,11,0,970,970,0,9407,5620,3787,0,5074,2883,1436,11430,0,9407,2023,0
443,25,Phek,15,15,0,1935,1935,0,14494,8731,5760,3,6813,4712,2966,19228,0,14494,4734,3
411,22,Pherzawl,1,1,0,100,100,0,5042,2555,2487,0,2388,1550,1099,5765,0,5042,723,0
680,34,Pilibhit,64,64,0,5670,5670,0,184115,99715,84371,29,18211,84701,81182,195943,30965,184115,42793,15
706,35,Pithoragarh,58,58,0,8690,8690,0,107467,52816,54621,30,25822,44560,37021,130670,5456,107467,28659,2
575,31,Poonamallee,18,18,0,4520,4520,0,82275,47650,34613,12,29173,31793,21296,92880,9475,82275,20080,1
238,14,Poonch,58,58,0,14455,14455,0,106971,59846,47115,10,8773,59763,38430,124000,0,106971,17029,2
172,11,Porbandar,22,22,0,3200,3200,0,159257,81857,77385,15,25232,74732,59275,189751,48502,159257,78996,0
12,2,Prakasam,85,85,0,79355,79355,0,589529,300139,289310,80,76158,309274,204050,620830,160648,589529,191949,29
522,29,Pratapgarh,43,43,0,42200,42200,0,151883,79193,72669,21,49830,50518,51410,173989,6401,151883,28507,4
682,34,Pratapgarh,109,109,0,22495,22495,0,173601,95722,77839,40,21422,81604,70544,200568,23471,173601,50438,5
624,34,Prayagraj,84,84,0,13545,13545,0,519375,312517,206700,158,226601,166288,126168,567518,68320,519375,116463,11
475,27,Puducherry,40,40,0,16510,16510,0,188644,99135,89485,24,69987,68496,50088,230270,0,188644,41626,4
546,31,Pudukkottai,50,50,0,12480,12480,0,78407,42169,36227,11,26198,33203,18999,82768,12700,78407,17061,1
227,14,Pulwama,40,40,0,2460,2460,0,124494,74902,49578,14,15868,65525,43089,147135,0,124494,22641,7
363,21,Pune,360,249,111,86696,26702,59994,2563865,1383219,1180330,316,689754,1047208,825775,2848718,312932,2563865,597785,103
732,36,Purba Medinipore,35,34,1,8269,8192,77,465474,261233,204196,45,101621,180247,183494,590396,54266,465474,179188,428
463,26,Puri,33,33,0,11594,11594,0,331543,178461,153003,79,57537,150287,123708,377327,0,331543,45784,6
73,5,Purnia,106,106,0,22060,22060,0,337398,181164,156144,90,93104,135338,108894,366457,22416,337398,51475,3
733,36,Purulia,103,103,0,23455,23455,0,285642,169804,115810,28,83650,111413,90551,320949,57916,285642,93223,8
681,34,Raebareli,82,82,0,8870,8870,0,147748,81473,66249,26,24377,62647,60692,164725,12504,147748,29481,6
284,16,Raichur,173,173,0,36740,36740,0,239125,120662,118432,31,58849,104532,75681,234170,70014,239125,65059,58
393,21,Raigad,230,218,12,43065,30600,12465,422846,240902,181895,49,112997,184015,125569,458060,49308,422846,84522,44
130,7,Raigarh,64,64,0,17375,17375,0,377226,184219,192969,38,25859,213885,137459,466418,21922,377226,111114,21
109,7,Raipur,76,73,3,11305,10964,341,389010,206396,182589,25,63599,208906,116460,475141,38029,389010,124160,5
359,20,Raisen,57,57,0,8730,8730,0,155505,90240,65235,30,56047,57432,42009,151627,25020,155505,21142,2
602,32,Rajanna Sircilla,4,4,0,2200,2200,0,108239,51097,57106,36,8002,60821,39410,106132,15332,108239,13225,6
358,20,Rajgarh,51,51,0,7394,7394,0,202687,114591,88063,33,82446,59043,61098,213671,17212,202687,28196,1
173,11,Rajkot,71,70,1,15320,13920,1400,297415,155149,142236,30,43353,139192,114829,377008,17268,297415,96861,53
775,11,Rajkot Corporation,126,126,0,25025,25025,0,594608,331507,263023,78,341553,146092,106846,685172,38410,594608,128974,6
131,7,Rajnandgaon,51,50,1,5950,5850,100,298988,142975,155987,26,20545,177746,100687,328412,12774,298988,42198,7
237,14,Rajouri,55,55,0,14455,14455,0,144263,83449,60796,18,36196,63653,44398,167216,0,144263,22953,1
518,29,Rajsamand,32,32,0,6400,6400,0,236577,116954,119579,44,39935,90222,106344,282527,14644,236577,60594,32
292,16,Ramanagara,108,107,1,18285,17485,800,264771,126385,138337,49,46844,114272,103421,284734,37327,264771,57290,24
567,31,Ramanathapuram,9,9,0,27000,27000,0,52297,28325,23963,9,22216,18955,11119,52118,10212,52297,10033,2
235,14,Ramban,27,27,0,3348,3348,0,70225,42033,28186,6,7736,41408,21078,89313,0,70225,19088,1
254,15,Ramgarh,30,29,1,7770,7420,350,123487,70935,52528,24,41901,51967,29609,126672,20599,123487,23784,32
683,34,Rampur,53,53,0,6192,6192,0,123331,67016,56302,13,17367,60162,45757,134501,25845,123331,37015,48
734,36,Rampurhat HD (Birbhum),31,31,0,10770,10770,0,192746,102714,90008,24,43461,82268,67009,219266,22146,192746,48666,4
240,15,Ranchi,80,75,5,19150,15000,4150,399315,223525,175723,67,153224,145183,100754,404186,96346,399315,101217,500
603,32,Rangareddy,151,114,37,63145,31450,31695,557365,312870,244421,74,220253,204451,132025,564513,110285,557365,121211,35
781,31,Ranipet,32,32,0,7580,7580,0,84676,50491,34171,14,37934,31217,15516,85373,15475,84676,16172,1
322,20,Ratlam,46,46,0,9715,9715,0,187600,103966,83611,23,62250,74859,50430,193429,29257,187600,35086,9
372,21,Ratnagiri,81,79,2,20370,19890,480,251885,134671,117199,15,64945,100823,86068,245292,73114,251885,66521,24
471,26,Rayagada,34,34,0,7020,7020,0,130242,62185,68026,31,14690,61212,54308,163884,0,130242,33642,32
239,14,Reasi,65,65,0,1200,1200,0,77400,45822,31568,10,10737,42171,24485,91446,0,77400,14046,9
316,20,Rewa,48,48,0,23180,23180,0,377750,213923,163767,60,108959,133912,134819,401498,31787,377750,55535,32
202,12,Rewari,26,25,1,3560,3460,100,198920,107285,91608,27,51724,71490,75639,210213,26770,198920,38063,209
417,23,Ri-Bhoi,28,28,0,3420,3420,0,33062,18351,14706,5,14892,13050,5117,37245,0,33062,4183,43
192,12,Rohtak,37,37,0,3241,3241,0,190772,102076,88665,31,53428,66689,69878,195369,33925,190772,38522,66
81,5,Rohtas,67,67,0,11010,11010,0,247682,140969,106676,37,69879,83535,94198,289206,4325,247682,45849,5
700,35,Rudraprayag,18,18,0,2295,2295,0,79270,36972,42269,29,24085,29276,25899,96704,2297,79270,19731,5
497,28,Rup Nagar,57,57,0,12879,12879,0,81975,46771,35195,9,13508,40159,28295,83581,12100,81975,13706,3
162,11,Sabarkantha,43,43,0,8610,8610,0,326384,169869,156455,60,46891,152188,127280,400382,44369,326384,118367,12
317,20,Sagar,100,100,0,28920,28920,0,467432,262983,204381,68,145228,179779,142289,435942,91277,467432,59787,9
684,34,Saharanpur,104,103,1,16565,16115,450,388067,218867,169071,129,141403,147140,99474,410132,35075,388067,57140,16
71,5,Saharsa,49,49,0,9350,9350,0,174032,92617,81361,54,44247,53361,76392,205820,0,174032,31788,3
260,15,Sahebganj,31,31,0,5850,5850,0,86801,45465,41323,13,32221,27188,27372,93796,7923,86801,14918,3
545,31,Salem,52,49,3,21501,21350,151,245933,136566,109334,33,90494,95026,60358,257767,65672,245933,77506,1
96,5,Samastipur,73,73,0,10950,10950,0,354417,190429,163923,65,98873,122646,132806,425270,7877,354417,78730,0
236,14,Samba,10,9,1,1450,1370,80,95197,53130,42040,27,11228,48658,35302,116031,545,95197,21379,2
452,26,Sambalpur,99,95,4,16324,15274,1050,263011,150058,112913,40,116317,81304,65357,305060,0,263011,42049,1
685,34,Sambhal,60,60,0,7350,7350,0,105079,58289,46779,11,14845,56871,33317,111166,20355,105079,26442,34
604,32,Sangareddy,43,42,1,35570,35500,70,160914,89780,71107,27,37081,82623,41182,161019,38063,160914,38168,7
373,21,Sangli,77,77,0,12495,12495,0,630210,320567,309571,72,67231,295652,267201,695967,58422,630210,124179,34
498,28,Sangrur,88,88,0,17300,17300,0,134197,78874,55304,19,31885,57703,44596,135419,18751,134197,19973,10
686,34,Sant Kabir Nagar,58,58,0,8271,8271,0,98829,54693,43836,300,15118,45332,38363,110100,12448,98829,23719,1
102,5,Saran,65,65,0,7150,7150,0,402099,217586,184434,79,110326,144140,147467,466554,17976,402099,82431,10
496,28,SAS Nagar,77,67,10,46382,40280,6102,419079,255676,163350,53,242703,101638,74677,418176,53519,419079,52616,5
376,21,Satara,58,55,3,6916,6206,710,663186,341720,321402,64,80528,304888,277561,707485,80053,663186,124352,10
333,20,Satna,56,56,0,21235,21235,0,263257,149286,113936,35,77546,104786,80854,280359,25009,263257,42111,2
534,29,Sawai Madhopur,59,59,0,17700,17700,0,240821,130009,110781,31,49830,86308,104564,275634,18960,240821,53773,3
500,28,SBS Nagar,17,17,0,6000,6000,0,122073,64261,57796,16,21421,54041,46604,123422,19200,122073,20549,2
356,20,Sehore,66,66,0,43600,43600,0,233801,129739,104029,33,72608,81490,79672,247204,23576,233801,36979,8
403,22,Senapati,4,4,0,470,470,0,7845,5038,2807,0,4473,2348,1019,10433,0,7845,2588,0
349,20,Seoni,35,35,0,4915,4915,0,167175,87783,79362,30,48842,59326,58974,175051,22420,167175,30296,13
618,33,Sepahijala,19,19,0,4940,4940,0,128945,67659,61265,21,11097,76458,41381,179177,318,128945,50550,15
248,15,Seraikela Kharsawan,34,33,1,5480,5280,200,128727,71407,57312,8,35211,50682,42812,136328,16343,128727,23944,37
430,24,Serchhip,2,2,0,411,411,0,18379,10283,8092,4,4620,8290,5467,22706,0,18379,4327,19
148,9,Shahdara,33,32,1,6965,6865,100,305173,172561,132535,77,112578,116212,76165,294500,86498,305173,75825,128
332,20,Shahdol,65,64,1,55485,55475,10,204801,115358,89426,17,73565,79972,51219,211477,11208,204801,17884,1
688,34,Shahjahanpur,102,102,0,14490,14490,0,254174,150200,103894,80,81523,102511,70021,280554,19774,254174,46154,10
321,20,Shajapur,37,37,0,4557,4557,0,126537,72350,54162,25,41585,44981,39944,131549,15627,126537,20639,3
689,34,Shamli,80,80,0,11075,11075,0,109558,62888,46644,26,12977,56436,40133,112391,21428,109558,24261,9
93,5,Sheikhpura,14,14,0,1920,1920,0,57172,30406,26756,10,15247,18351,23561,70725,0,57172,13553,0
87,5,Sheohar,31,31,0,4610,4610,0,73222,39041,34172,9,15893,22689,34625,85686,0,73222,12464,0
346,20,Sheopur,17,17,0,3830,3830,0,75209,42532,32667,10,29083,27828,18263,73119,13266,75209,11176,3
35,3,Shi Yomi,1,1,0,200,200,0,2668,1320,1348,0,706,1288,674,4102,0,2668,1434,0
208,13,Shimla,31,31,0,3687,3687,0,263142,138378,124713,51,45452,131256,86399,316859,0,263142,53717,84
287,16,Shimoga,166,163,3,29560,27260,2300,330762,169139,161602,21,63025,150812,116854,372670,29635,330762,71543,78
345,20,Shivpuri,120,120,0,31620,31620,0,207415,120791,86588,36,86193,67563,53619,211637,23990,207415,28212,7
222,14,Shopian,3,3,0,160,160,0,68609,39101,29498,10,4447,40437,23718,79262,0,68609,10653,1
690,34,Shravasti,71,71,0,15180,15180,0,79991,46885,33099,7,9457,44241,26284,82638,13552,79991,16199,2
433,24,Siaha,2,2,0,155,155,0,11531,5842,5685,4,2317,5623,3590,14175,0,11531,2644,77
37,3,Siang,3,3,0,120,120,0,5752,2909,2842,1,1529,2734,1489,7329,0,5752,1577,0
691,34,Siddharthnagar,89,89,0,25165,25165,0,206858,112266,94563,29,22102,101517,83220,228063,21388,206858,42593,5
605,32,Siddipet,40,40,0,7050,7050,0,211846,97768,114020,58,20945,108140,82740,195816,52628,211846,36598,15
331,20,Sidhi,33,33,0,7530,7530,0,111154,63213,47932,9,32953,37793,40381,113048,12154,111154,14048,8
513,29,Sikar,36,36,0,6900,6900,0,625729,317624,308030,75,131076,260522,234038,678534,54789,625729,107594,10
249,15,Simdega,81,81,0,25970,25970,0,77619,37780,39824,15,28281,25343,23967,84205,3534,77619,10120,6
374,21,Sindhudurg,1,0,1,100,0,100,181060,91048,89983,29,24979,76651,79385,178471,48260,181060,45671,4
330,20,Singrauli,54,54,0,10607,10607,0,126142,78053,48065,24,44092,40504,41528,132741,8454,126142,15053,4
212,13,Sirmaur,14,14,0,3150,3150,0,113171,62257,50900,14,23585,53923,35644,137140,0,113171,23969,10
531,29,Sirohi,50,50,0,11425,11425,0,194243,101108,93109,26,35910,84890,73411,216662,15046,194243,37465,13
194,12,Sirsa,49,48,1,5720,5630,90,226142,117280,108810,52,49422,78532,98140,251272,27819,226142,52949,0
88,5,Sitamarhi,23,22,1,5600,5500,100,252552,137128,115396,28,68543,81738,102214,296438,0,252552,43886,3
692,34,Sitapur,122,122,0,15300,15300,0,238824,137781,101003,40,31165,113628,94009,261368,29362,238824,51906,11
561,31,Sivaganga,15,13,2,5760,5340,420,101215,55542,45660,13,41495,34490,25200,105898,18994,101215,23677,6
580,31,Sivakasi,21,21,0,9250,9250,0,126783,63286,63474,23,36915,54811,35034,151677,8227,126783,33121,1
44,4,Sivasagar,17,17,0,2505,2505,0,88393,47847,40538,8,17592,45210,25589,94513,16349,88393,22469,4
103,5,Siwan,140,140,0,67805,67805,0,379854,200702,179076,76,85570,151693,142451,447387,14765,379854,82298,2
209,13,Solan,33,33,0,4670,4670,0,173782,101558,72203,21,37992,90178,45576,197302,0,173782,23520,100
375,21,Solapur,123,123,0,15261,15261,0,490993,271552,219377,64,93494,213088,184169,584751,11713,490993,105471,16
693,34,Sonbhadra,41,40,1,5757,5256,501,103888,64677,39203,8,20049,54874,28913,104342,24953,103888,25407,14
198,12,Sonipat,28,28,0,4742,4742,0,302859,163135,139658,66,87246,113860,101562,288725,78248,302859,64114,10
64,4,Sonitpur,53,53,0,6394,6394,0,147973,78593,69354,26,45245,67001,35710,53446,146728,147973,52201,9
735,36,South 24 Parganas,140,139,1,23246,23196,50,652787,347125,305555,107,145988,280359,226377,801217,58356,652787,206786,22
2,1,South Andaman,7,7,0,2050,2050,0,71418,38826,32586,6,16234,38127,17055,81473,0,71418,10055,3
149,9,South Delhi,103,65,38,22471,10032,12439,493956,297637,196218,101,243527,156870,92851,452517,187964,493956,146525,151
144,9,South East Delhi,75,49,26,17501,7571,9930,428123,258602,169456,65,194820,149090,83987,356474,196361,428123,124712,37
421,23,South Garo Hills,8,8,0,1391,1391,0,15534,8389,7144,1,5036,7984,2512,19169,0,15534,3635,2
152,10,South Goa,48,48,0,14880,14880,0,253615,126594,126999,22,66370,103856,83374,302764,540,253615,49689,158
768,4,South Salmara Mankachar,15,15,0,3750,3750,0,14632,9923,4708,1,7159,5633,1839,15374,2466,14632,3208,0
538,30,South Sikkim,9,9,0,1710,1710,0,40858,22063,18787,8,3387,22310,15158,55463,0,40858,14605,47
619,33,South Tripura,0,0,0,0,0,0,165935,85916,79996,23,15646,102490,47792,249792,0,165935,83857,8
150,9,South West Delhi,63,51,12,13107,7450,5657,474324,270423,203810,91,153229,191820,128678,475731,122546,474324,123953,103
422,23,South West Garo Hills,16,16,0,2400,2400,0,24553,11928,12617,8,4974,13344,6232,28950,0,24553,4397,15
415,23,South West Khasi Hills,2,2,0,120,120,0,16179,8800,7377,2,8347,5067,2764,17539,0,16179,1360,10
509,29,Sri Ganganagar,98,98,0,13230,13230,0,409770,215559,194153,58,66228,185785,157716,462476,43938,409770,96644,18
490,28,Sri Muktsar Sahib,49,49,0,6885,6885,0,92277,53413,38850,14,23860,36556,31848,90121,14970,92277,12814,2
13,2,Sri Potti Sriramulu Nellore,94,91,3,38071,36320,1751,579552,290737,288688,127,77802,321930,179691,687404,88240,579552,196092,24
14,2,Srikakulam,59,58,1,40603,40203,400,504409,243870,260487,52,56438,262582,185339,533901,96606,504409,127064,25
220,14,Srinagar,52,48,4,24505,23215,1290,241654,163243,78368,43,93669,98407,49540,260503,26527,241654,45376,28
466,26,Subarnapur,27,27,0,3072,3072,0,83023,43098,39916,9,6104,36011,40903,103830,0,83023,20807,6
132,7,Sukma,17,17,0,2800,2800,0,70606,39777,30817,12,21289,35215,14095,94133,1798,70606,25325,8
694,34,Sultanpur,69,69,0,10840,10840,0,180590,98561,82004,25,21609,86486,72368,206410,22092,180590,47912,26
453,26,Sundargarh,56,55,1,17638,17603,35,396865,213182,183606,77,157618,145881,93146,449470,0,396865,52605,40
72,5,Supaul,21,21,0,5700,5700,0,183915,102485,81391,39,48428,65499,69931,206989,0,183915,23074,0
133,7,Surajpur,40,40,0,8600,8600,0,175304,85655,89620,29,12940,107301,55060,189587,10474,175304,24757,8
165,11,Surat,71,69,2,12324,11984,340,256388,141186,115179,23,54462,127650,74185,335154,19632,256388,98398,99
776,11,Surat Corporation,157,147,10,32150,29400,2750,1215260,715260,499856,144,576330,419016,219603,1393660,109159,1215260,287559,53
157,11,Surendranagar,47,47,0,11202,11202,0,213744,112651,101047,46,37969,96547,79201,219184,59826,213744,65266,1
134,7,Surguja,7,7,0,950,950,0,228838,109816,118985,37,16547,137090,75196,265557,8877,228838,45596,21
606,32,Suryapet,18,18,0,5500,5500,0,135075,67543,67494,38,17111,65013,52926,144456,22162,135075,31543,15
404,22,Tamenglong,4,4,0,450,450,0,7216,4493,2723,0,3555,2488,1172,9123,0,7216,1907,7
166,11,Tapi,26,26,0,6050,6050,0,168284,86226,82040,18,22659,90112,55503,192585,12639,168284,36940,5
495,28,Tarn Taran,120,120,0,23638,23638,0,115114,64701,50398,15,25579,48621,40900,122773,10449,115114,18108,7
30,3,Tawang,5,5,0,974,974,0,14040,7484,6550,6,6311,5005,2724,18283,0,14040,4243,5
701,35,Tehri Garhwal,36,36,0,4645,4645,0,140669,65737,74911,21,26261,59227,55156,179487,2335,140669,41153,4
407,22,Tengnoupal,4,4,0,260,260,0,8435,5622,2812,1,4884,2612,931,11196,0,8435,2761,1
551,31,Tenkasi,7,7,0,800,800,0,98998,53686,45297,15,47277,31360,20341,108154,12254,98998,21410,0
392,21,Thane,222,184,38,81201,43237,37964,1476016,794386,681418,212,344931,671987,458385,1669047,184532,1476016,377563,1898
541,31,Thanjavur,133,130,3,22130,21730,400,185193,105003,80170,20,66249,71403,47468,202650,31667,185193,49124,2
569,31,Theni,15,15,0,13530,13530,0,102203,56553,45635,15,45173,33322,23682,107149,16171,102203,21117,1
296,17,Thiruvananthapuram,66,62,4,37017,15817,21200,977143,465679,511315,149,195334,369416,411306,1143592,113370,977143,279841,115
554,31,Thoothukudi (Tuticorin),5,4,1,1044,990,54,85868,49502,36356,10,40796,27980,17079,85960,16926,85868,17018,0
405,22,Thoubal,16,16,0,3650,3650,0,46279,24610,21664,5,15577,19211,11479,52200,0,46279,5921,0
303,17,Thrissur,90,89,1,15556,15336,220,754786,356219,398410,157,111093,297942,345316,871952,56112,754786,173278,229
325,20,Tikamgarh,65,65,0,17850,17850,0,149886,85524,64337,25,40978,52886,55980,127377,41970,149886,19461,8
45,4,Tinsukia,63,62,1,11075,10875,200,131211,71465,59722,24,39284,60404,31516,146438,7856,131211,23083,3
26,3,Tirap,5,5,0,941,941,0,8215,5086,3128,1,3908,3128,1179,10773,0,8215,2558,16
560,31,Tiruchirappalli,23,18,5,5883,4800,1083,306375,165285,141050,40,111866,108884,85573,328955,44563,306375,67143,8
548,31,Tirunelveli,9,9,0,4810,4810,0,129409,75729,53669,11,64419,37428,27519,133316,25488,129409,29395,2
550,31,Tirupattur,5,5,0,1030,1030,0,108109,55571,52520,18,44807,41010,22277,112896,16217,108109,21004,2
568,31,Tiruppur,26,25,1,6190,6090,100,228788,131446,97308,34,90858,82876,55001,230653,42425,228788,44290,3
572,31,Tiruvallur,4,0,4,2120,0,2120,189616,110663,78930,23,85721,67950,35893,198240,36305,189616,44929,4
553,31,Tiruvannamalai,23,23,0,4550,4550,0,86617,48469,38132,16,36943,31365,18279,91004,15313,86617,19700,0
574,31,Tiruvarur,15,15,0,1410,1410,0,86362,51691,34662,9,39057,29205,18087,85951,16767,86362,16356,1
526,29,Tonk,133,133,0,53200,53200,0,256164,132859,123269,36,40414,109721,105956,255722,54731,256164,54289,16
440,25,Tuensang,10,10,0,1000,1000,0,13997,8824,5173,0,6085,5286,2621,17407,0,13997,3410,0
288,16,Tumkur,173,173,0,60950,60950,0,491097,251386,239628,83,78084,225482,187458,579253,26565,491097,114721,2
504,29,Udaipur,137,134,3,46390,42940,3450,580430,302968,277381,81,152998,213656,213579,646928,70244,580430,136742,30
65,4,Udalguri,22,22,0,2200,2200,0,66918,36474,30431,13,19146,34233,13537,77792,5203,66918,16077,5
705,35,Udham Singh Nagar,58,56,2,10340,9740,600,262728,147211,115461,56,77744,108124,76733,311385,13690,262728,62347,20
233,14,Udhampur,43,43,0,10800,10800,0,157827,88710,69089,28,41349,69075,47386,186097,0,157827,28270,11
286,16,Udupi,157,150,7,130222,128350,1872,286811,139716,147065,30,60405,113128,113179,315401,58793,286811,87383,43
318,20,Ujjain,137,137,0,27359,27359,0,451318,245051,206185,82,167499,165399,118295,435767,89031,451318,73480,73
406,22,Ukhrul,4,4,0,850,850,0,10035,6214,3820,1,5305,3093,1634,12259,0,10035,2224,0
329,20,Umaria,53,53,0,10650,10650,0,71155,40889,30246,20,21882,28455,20809,73901,5528,71155,8274,2
218,13,Una,15,15,0,2185,2185,0,167727,83879,83802,46,18055,81512,68123,206254,0,167727,38527,14
620,33,Unakoti,12,12,0,2500,2500,0,67252,34138,33106,8,5565,39187,22497,93054,0,67252,25802,4
695,34,Unnao,72,72,0,8007,8007,0,200046,110291,89727,28,21828,100373,77834,213582,31498,200046,45034,3
34,3,Upper Siang,3,3,0,400,400,0,8562,4459,4102,1,2917,3569,2075,11235,0,8562,2673,23
41,3,Upper Subansiri,4,4,0,1400,1400,0,12354,6376,5976,2,3524,7099,1729,15454,0,12354,3100,0
736,36,Uttar Dinajpur,121,121,0,32030,32030,0,252212,139891,112244,77,75133,103748,73301,289122,41416,252212,78326,19
281,16,Uttar Kannada,125,125,0,38250,38250,0,280464,143350,137083,31,56382,113872,110132,323168,21601,280464,64305,21
703,35,Uttarkashi,32,32,0,3780,3780,0,102100,51647,50426,27,25583,41517,34974,144514,2352,102100,44766,7
155,11,Vadodara,49,48,1,10115,9845,270,365537,200981,164505,51,80080,162837,122519,439373,25391,365537,99227,64
777,11,Vadodara Corporation,128,123,5,28520,26630,1890,790775,424981,365695,99,420738,198580,171254,930545,40925,790775,180695,56
89,5,Vaishali,66,66,0,15620,15620,0,296069,157348,138677,44,70933,97471,127485,315730,40361,296069,60022,8
167,11,Valsad,48,45,3,14231,13711,520,317215,172840,144333,42,64976,150563,101628,343772,105406,317215,131963,7
696,34,Varanasi,138,135,3,22050,21450,600,470242,279394,190733,115,186112,169155,114792,481315,100880,470242,111953,27
543,31,Vellore,34,32,2,31230,30980,250,186968,99876,87081,11,71599,71115,44202,176979,67464,186968,57475,5
355,20,Vidisha,41,41,0,6270,6270,0,179837,99745,80074,18,47766,57705,74349,195535,15484,179837,31182,12
293,16,Vijayapura,217,217,0,32000,32000,0,296816,151316,145442,58,43652,148642,104498,307304,59048,296816,69536,0
607,32,Vikarabad,10,10,0,2590,2590,0,66151,34476,31664,11,11708,33415,21023,80096,1941,66151,15886,2
542,31,Viluppuram,69,69,0,24940,24940,0,150652,82696,67907,49,53021,62336,35278,167747,16918,150652,34013,0
549,31,Virudhunagar,6,6,0,690,690,0,111249,53256,57976,17,36257,47365,27600,129207,12540,111249,30498,0
8,2,Visakhapatnam,146,134,12,81960,72080,9880,817698,428901,388679,118,208309,394857,214208,833247,212020,817698,228462,14
15,2,Vizianagaram,46,46,0,18570,18570,0,410618,199507,211060,51,52713,224812,133053,436557,84878,410618,110817,7
608,32,Wanaparthy,7,7,0,1452,1452,0,53680,26758,26910,12,6843,26964,19860,59900,6235,53680,12455,2
609,32,Warangal(Rural),6,6,0,2000,2000,0,59618,31013,28580,25,9239,29691,20656,60131,11990,59618,12503,8
610,32,Warangal(Urban),8,8,0,10400,10400,0,233729,124546,109132,51,71170,102736,59795,238057,56894,233729,61222,8
377,21,Wardha,76,76,0,30300,30300,0,241528,124469,117042,17,31579,106530,103381,258544,42050,241528,59066,167
369,21,Washim,85,85,0,30400,30400,0,196518,104122,92376,20,25832,90868,79806,163879,95036,196518,62397,9
299,17,Wayanad,37,37,0,13905,13905,0,284760,135993,148724,43,36291,140011,108212,339094,28970,284760,83304,118
737,36,West Bardhaman,80,64,16,52529,15846,36683,333516,203745,129724,47,109323,129018,95067,388628,40390,333516,95502,10
106,5,West Champaran,68,68,0,11710,11710,0,262813,155064,107687,62,89767,89530,83398,298386,0,262813,35573,9
142,9,West Delhi,84,80,4,10951,10486,465,487215,271355,215710,150,132227,206763,148007,433680,212522,487215,158987,92
420,23,West Garo Hills,13,13,0,1930,1930,0,70093,34963,35123,7,15751,35933,18406,86337,0,70093,16244,35
16,2,West Godavari,160,159,1,82182,82102,80,651137,324989,326075,73,68887,332288,249817,668241,199670,651137,216774,16
416,23,West Jaintia Hills,25,25,0,5000,5000,0,34020,15954,18064,2,14949,13167,5897,39157,0,34020,5137,49
28,3,West Kameng,8,8,0,1160,1160,0,19877,11397,8478,2,7581,8443,3850,26624,0,19877,6747,1
769,4,West Karbi Anglong,15,15,0,3000,3000,0,22827,13297,9527,3,8453,10560,3813,26041,3758,22827,6972,0
419,23,West Khasi Hills,24,24,0,4190,4190,0,38216,18689,19526,1,16338,14607,7270,43911,0,38216,5695,9
38,3,West Siang,4,4,0,600,600,0,15583,8188,7393,2,5406,6717,3458,19734,0,15583,4151,6
536,30,West Sikkim,0,0,0,0,0,0,35211,19121,16087,3,3975,18921,12314,46938,0,35211,11727,28
263,15,West Singhbhum,100,99,1,13281,13231,50,160632,82766,77829,37,46405,70365,43802,177757,18916,160632,36041,6
621,33,West Tripura,83,83,0,16850,16850,0,380384,196417,183908,59,93914,184753,101058,518239,14789,380384,152644,24
436,25,Wokha,11,11,0,1595,1595,0,16720,8657,8058,5,6380,6056,4284,20506,0,16720,3786,1
611,32,Yadadri Bhuvanagiri,33,33,0,6800,6800,0,178188,84831,93306,51,13687,98172,66323,147552,74320,178188,43684,4
285,16,Yadgir,262,262,0,73802,73802,0,171087,83007,88065,15,37507,79570,53998,188279,19171,171087,36363,12
197,12,Yamunanagar,27,27,0,5500,5500,0,225378,119456,105882,40,52901,84814,87633,234238,35725,225378,44585,26
478,27,Yanam,2,2,0,300,300,0,8154,4372,3781,1,2392,3536,2225,9835,74,8154,1755,5
368,21,Yavatmal,122,122,0,42953,42953,0,370593,202316,168218,59,67363,175272,127912,387749,67501,370593,84657,158
6,2,"YSR District, Kadapa (Cuddapah)",121,121,0,131250,131250,0,547550,271110,276337,103,57074,301009,189387,616170,109320,547550,177940,4
442,25,Zunheboto,12,12,0,2610,2610,0,12340,7057,5283,0,4605,4538,3196,15300,0,12340,2960,10
